,pdbid,chainid,variant,ddg,left_sequence_flank,wt_residue,right_sequence_flank,mt_residue
0,1PGA,A,M1A,-0.1407,-----,M,TYKLI,A
1,1PGA,A,M1D,-0.3795,-----,M,TYKLI,D
2,1PGA,A,M1E,-0.6414,-----,M,TYKLI,E
3,1PGA,A,M1L,-0.4573,-----,M,TYKLI,L
4,1PGA,A,T2E,-0.1299,----M,T,YKLIL,E
5,1PGA,A,T2F,-0.3008,----M,T,YKLIL,F
6,1PGA,A,T2G,0.6679999999999999,----M,T,YKLIL,G
7,1PGA,A,T2H,0.1303,----M,T,YKLIL,H
8,1PGA,A,T2I,-1.004,----M,T,YKLIL,I
9,1PGA,A,T2L,-0.5417,----M,T,YKLIL,L
10,1PGA,A,T2N,0.1427,----M,T,YKLIL,N
11,1PGA,A,T2Q,-0.3391,----M,T,YKLIL,Q
12,1PGA,A,T2R,-0.09091,----M,T,YKLIL,R
13,1PGA,A,Y3A,4.0,---MT,Y,KLILN,A
14,1PGA,A,Y3D,4.0,---MT,Y,KLILN,D
15,1PGA,A,Y3E,4.0,---MT,Y,KLILN,E
16,1PGA,A,Y3F,-0.5499,---MT,Y,KLILN,F
17,1PGA,A,Y3G,1.442,---MT,Y,KLILN,G
18,1PGA,A,Y3H,4.0,---MT,Y,KLILN,H
19,1PGA,A,Y3I,3.293,---MT,Y,KLILN,I
20,1PGA,A,Y3K,-0.8849,---MT,Y,KLILN,K
21,1PGA,A,Y3L,3.3080000000000003,---MT,Y,KLILN,L
22,1PGA,A,Y3M,2.602,---MT,Y,KLILN,M
23,1PGA,A,Y3N,4.0,---MT,Y,KLILN,N
24,1PGA,A,Y3P,4.0,---MT,Y,KLILN,P
25,1PGA,A,Y3Q,4.0,---MT,Y,KLILN,Q
26,1PGA,A,Y3S,4.0,---MT,Y,KLILN,S
27,1PGA,A,Y3T,4.0,---MT,Y,KLILN,T
28,1PGA,A,Y3V,4.0,---MT,Y,KLILN,V
29,1PGA,A,K4A,0.3378,--MTY,K,LILNG,A
30,1PGA,A,K4D,2.0540000000000003,--MTY,K,LILNG,D
31,1PGA,A,K4E,1.3559999999999999,--MTY,K,LILNG,E
32,1PGA,A,K4F,-1.04,--MTY,K,LILNG,F
33,1PGA,A,K4G,1.228,--MTY,K,LILNG,G
34,1PGA,A,K4H,-0.7357,--MTY,K,LILNG,H
35,1PGA,A,K4I,-1.082,--MTY,K,LILNG,I
36,1PGA,A,L5A,2.013,-MTYK,L,ILNGK,A
37,1PGA,A,L5D,4.0,-MTYK,L,ILNGK,D
38,1PGA,A,L5E,4.0,-MTYK,L,ILNGK,E
39,1PGA,A,L5F,0.4703,-MTYK,L,ILNGK,F
40,1PGA,A,L5G,4.0,-MTYK,L,ILNGK,G
41,1PGA,A,L5H,4.0,-MTYK,L,ILNGK,H
42,1PGA,A,L5I,1.341,-MTYK,L,ILNGK,I
43,1PGA,A,L5K,4.0,-MTYK,L,ILNGK,K
44,1PGA,A,I6A,1.252,MTYKL,I,LNGKT,A
45,1PGA,A,I6D,1.965,MTYKL,I,LNGKT,D
46,1PGA,A,I6E,1.028,MTYKL,I,LNGKT,E
47,1PGA,A,I6F,0.1041,MTYKL,I,LNGKT,F
48,1PGA,A,I6G,3.076,MTYKL,I,LNGKT,G
49,1PGA,A,I6H,1.0590000000000002,MTYKL,I,LNGKT,H
50,1PGA,A,L7A,1.4040000000000001,TYKLI,L,NGKTL,A
51,1PGA,A,L7D,3.108,TYKLI,L,NGKTL,D
52,1PGA,A,L7E,2.786,TYKLI,L,NGKTL,E
53,1PGA,A,L7F,-0.2555,TYKLI,L,NGKTL,F
54,1PGA,A,L7G,4.0,TYKLI,L,NGKTL,G
55,1PGA,A,L7H,1.591,TYKLI,L,NGKTL,H
56,1PGA,A,L7I,-0.9735,TYKLI,L,NGKTL,I
57,1PGA,A,N8A,0.2819,YKLIL,N,GKTLK,A
58,1PGA,A,N8D,-0.1878,YKLIL,N,GKTLK,D
59,1PGA,A,N8E,0.007481,YKLIL,N,GKTLK,E
60,1PGA,A,N8F,-0.3487,YKLIL,N,GKTLK,F
61,1PGA,A,N8G,0.8506,YKLIL,N,GKTLK,G
62,1PGA,A,N8H,-0.2423,YKLIL,N,GKTLK,H
63,1PGA,A,N8I,-0.5593,YKLIL,N,GKTLK,I
64,1PGA,A,N8K,-0.4528,YKLIL,N,GKTLK,K
65,1PGA,A,N8L,-0.9527,YKLIL,N,GKTLK,L
66,1PGA,A,N8M,-0.3651,YKLIL,N,GKTLK,M
67,1PGA,A,G9A,0.2526,KLILN,G,KTLKG,A
68,1PGA,A,G9D,2.502,KLILN,G,KTLKG,D
69,1PGA,A,G9E,1.9969999999999999,KLILN,G,KTLKG,E
70,1PGA,A,G9F,-0.00246,KLILN,G,KTLKG,F
71,1PGA,A,K10A,-0.2171,LILNG,K,TLKGE,A
72,1PGA,A,K10D,0.4953,LILNG,K,TLKGE,D
73,1PGA,A,K10E,-0.5532,LILNG,K,TLKGE,E
74,1PGA,A,K10F,-0.223,LILNG,K,TLKGE,F
75,1PGA,A,K10G,0.3507,LILNG,K,TLKGE,G
76,1PGA,A,K10H,-0.1534,LILNG,K,TLKGE,H
77,1PGA,A,K10I,-0.5619,LILNG,K,TLKGE,I
78,1PGA,A,T11A,-0.2394,ILNGK,T,LKGET,A
79,1PGA,A,T11D,-0.4589,ILNGK,T,LKGET,D
80,1PGA,A,T11E,-0.4625,ILNGK,T,LKGET,E
81,1PGA,A,T11F,-0.7639,ILNGK,T,LKGET,F
82,1PGA,A,T11G,0.010759999999999999,ILNGK,T,LKGET,G
83,1PGA,A,T11H,-0.4212,ILNGK,T,LKGET,H
84,1PGA,A,T11I,-0.5619,ILNGK,T,LKGET,I
85,1PGA,A,T11K,-0.35100000000000003,ILNGK,T,LKGET,K
86,1PGA,A,T11L,-0.3795,ILNGK,T,LKGET,L
87,1PGA,A,T11M,-0.3872,ILNGK,T,LKGET,M
88,1PGA,A,T11N,-0.1678,ILNGK,T,LKGET,N
89,1PGA,A,T11P,1.028,ILNGK,T,LKGET,P
90,1PGA,A,T11Q,-0.5916,ILNGK,T,LKGET,Q
91,1PGA,A,T11R,-0.3921,ILNGK,T,LKGET,R
92,1PGA,A,T11S,-0.3042,ILNGK,T,LKGET,S
93,1PGA,A,L12A,0.2752,LNGKT,L,KGETT,A
94,1PGA,A,L12D,0.6799,LNGKT,L,KGETT,D
95,1PGA,A,L12E,0.2471,LNGKT,L,KGETT,E
96,1PGA,A,L12G,0.2833,LNGKT,L,KGETT,G
97,1PGA,A,L12H,-0.2832,LNGKT,L,KGETT,H
98,1PGA,A,L12I,-0.9906,LNGKT,L,KGETT,I
99,1PGA,A,L12K,-0.596,LNGKT,L,KGETT,K
100,1PGA,A,K13A,-0.2103,NGKTL,K,GETTT,A
101,1PGA,A,K13D,0.4547,NGKTL,K,GETTT,D
102,1PGA,A,K13E,-0.024980000000000002,NGKTL,K,GETTT,E
103,1PGA,A,K13F,-0.6409,NGKTL,K,GETTT,F
104,1PGA,A,K13G,0.3534,NGKTL,K,GETTT,G
105,1PGA,A,K13I,-0.2273,NGKTL,K,GETTT,I
106,1PGA,A,G14A,-0.5122,GKTLK,G,ETTTE,A
107,1PGA,A,G14D,-0.1038,GKTLK,G,ETTTE,D
108,1PGA,A,G14E,-0.531,GKTLK,G,ETTTE,E
109,1PGA,A,G14F,-0.6704,GKTLK,G,ETTTE,F
110,1PGA,A,E15A,-0.4153,KTLKG,E,TTTEA,A
111,1PGA,A,E15D,0.1927,KTLKG,E,TTTEA,D
112,1PGA,A,T16A,-0.2635,TLKGE,T,TTEAV,A
113,1PGA,A,T16D,1.038,TLKGE,T,TTEAV,D
114,1PGA,A,T16E,0.2312,TLKGE,T,TTEAV,E
115,1PGA,A,T16F,-1.8530000000000002,TLKGE,T,TTEAV,F
116,1PGA,A,T16G,1.21,TLKGE,T,TTEAV,G
117,1PGA,A,T16H,-0.5104,TLKGE,T,TTEAV,H
118,1PGA,A,T16I,-1.011,TLKGE,T,TTEAV,I
119,1PGA,A,T16K,-0.3184,TLKGE,T,TTEAV,K
120,1PGA,A,T16L,-0.9691,TLKGE,T,TTEAV,L
121,1PGA,A,T16M,-0.6984,TLKGE,T,TTEAV,M
122,1PGA,A,T16N,0.1421,TLKGE,T,TTEAV,N
123,1PGA,A,T16P,1.993,TLKGE,T,TTEAV,P
124,1PGA,A,T16Q,-0.3266,TLKGE,T,TTEAV,Q
125,1PGA,A,T16R,-0.5506,TLKGE,T,TTEAV,R
126,1PGA,A,T16S,-0.007023000000000001,TLKGE,T,TTEAV,S
127,1PGA,A,T17A,0.2098,LKGET,T,TEAVD,A
128,1PGA,A,T17D,0.3162,LKGET,T,TEAVD,D
129,1PGA,A,T17E,-0.3336,LKGET,T,TEAVD,E
130,1PGA,A,T17F,-0.6827,LKGET,T,TEAVD,F
131,1PGA,A,T17G,1.053,LKGET,T,TEAVD,G
132,1PGA,A,T17H,0.04852,LKGET,T,TEAVD,H
133,1PGA,A,T17I,-0.058379999999999994,LKGET,T,TEAVD,I
134,1PGA,A,T17K,0.0832,LKGET,T,TEAVD,K
135,1PGA,A,T17L,0.06769,LKGET,T,TEAVD,L
136,1PGA,A,T17M,-0.05629,LKGET,T,TEAVD,M
137,1PGA,A,T17N,0.1293,LKGET,T,TEAVD,N
138,1PGA,A,T17P,2.084,LKGET,T,TEAVD,P
139,1PGA,A,T17Q,-0.2838,LKGET,T,TEAVD,Q
140,1PGA,A,T17R,-0.2138,LKGET,T,TEAVD,R
141,1PGA,A,T17S,-0.38799999999999996,LKGET,T,TEAVD,S
142,1PGA,A,T18A,-0.2213,KGETT,T,EAVDA,A
143,1PGA,A,T18D,1.787,KGETT,T,EAVDA,D
144,1PGA,A,T18E,0.6727,KGETT,T,EAVDA,E
145,1PGA,A,T18F,-0.5632,KGETT,T,EAVDA,F
146,1PGA,A,T18G,1.735,KGETT,T,EAVDA,G
147,1PGA,A,T18H,0.4238,KGETT,T,EAVDA,H
148,1PGA,A,T18I,-0.8377,KGETT,T,EAVDA,I
149,1PGA,A,T18K,0.9528,KGETT,T,EAVDA,K
150,1PGA,A,T18L,-0.7961,KGETT,T,EAVDA,L
151,1PGA,A,T18M,-0.6229,KGETT,T,EAVDA,M
152,1PGA,A,T18N,0.8737,KGETT,T,EAVDA,N
153,1PGA,A,T18P,4.0,KGETT,T,EAVDA,P
154,1PGA,A,T18Q,0.5862,KGETT,T,EAVDA,Q
155,1PGA,A,T18R,0.442,KGETT,T,EAVDA,R
156,1PGA,A,T18S,0.778,KGETT,T,EAVDA,S
157,1PGA,A,E19A,-0.0476,GETTT,E,AVDAA,A
158,1PGA,A,E19D,-0.2036,GETTT,E,AVDAA,D
159,1PGA,A,V21A,-0.4182,TTTEA,V,DAATA,A
160,1PGA,A,V21D,-0.4596,TTTEA,V,DAATA,D
161,1PGA,A,V21E,-0.7594,TTTEA,V,DAATA,E
162,1PGA,A,V21F,-1.099,TTTEA,V,DAATA,F
163,1PGA,A,V21G,-0.1904,TTTEA,V,DAATA,G
164,1PGA,A,V21H,-0.1943,TTTEA,V,DAATA,H
165,1PGA,A,V21I,-0.5429999999999999,TTTEA,V,DAATA,I
166,1PGA,A,V21K,-0.5363,TTTEA,V,DAATA,K
167,1PGA,A,V21L,-0.4146,TTTEA,V,DAATA,L
168,1PGA,A,V21M,-0.5225,TTTEA,V,DAATA,M
169,1PGA,A,V21N,-0.4976,TTTEA,V,DAATA,N
170,1PGA,A,V21P,-0.8258,TTTEA,V,DAATA,P
171,1PGA,A,V21Q,-0.2745,TTTEA,V,DAATA,Q
172,1PGA,A,V21R,-0.5082,TTTEA,V,DAATA,R
173,1PGA,A,V21S,-0.4364,TTTEA,V,DAATA,S
174,1PGA,A,V21T,-0.1255,TTTEA,V,DAATA,T
175,1PGA,A,D22A,1.078,TTEAV,D,AATAE,A
176,1PGA,A,T25A,-0.8545,AVDAA,T,AEKVF,A
177,1PGA,A,T25D,-0.2272,AVDAA,T,AEKVF,D
178,1PGA,A,T25E,-0.6153,AVDAA,T,AEKVF,E
179,1PGA,A,T25F,-0.3866,AVDAA,T,AEKVF,F
180,1PGA,A,T25G,-0.1682,AVDAA,T,AEKVF,G
181,1PGA,A,T25H,-0.6744,AVDAA,T,AEKVF,H
182,1PGA,A,T25I,0.3458,AVDAA,T,AEKVF,I
183,1PGA,A,T25K,0.08342999999999999,AVDAA,T,AEKVF,K
184,1PGA,A,T25L,0.05998,AVDAA,T,AEKVF,L
185,1PGA,A,T25M,-0.2008,AVDAA,T,AEKVF,M
186,1PGA,A,T25N,-0.017419999999999998,AVDAA,T,AEKVF,N
187,1PGA,A,T25P,2.095,AVDAA,T,AEKVF,P
188,1PGA,A,T25Q,-0.4703,AVDAA,T,AEKVF,Q
189,1PGA,A,T25R,-0.03177,AVDAA,T,AEKVF,R
190,1PGA,A,T25S,-0.5062,AVDAA,T,AEKVF,S
191,1PGA,A,E27A,-0.4055,DAATA,E,KVFKQ,A
192,1PGA,A,E27D,0.716,DAATA,E,KVFKQ,D
193,1PGA,A,K28A,-0.565,AATAE,K,VFKQY,A
194,1PGA,A,K28D,-0.1015,AATAE,K,VFKQY,D
195,1PGA,A,K28E,-0.5592,AATAE,K,VFKQY,E
196,1PGA,A,K28F,-0.2707,AATAE,K,VFKQY,F
197,1PGA,A,K28G,0.007365999999999999,AATAE,K,VFKQY,G
198,1PGA,A,K28H,-0.06766,AATAE,K,VFKQY,H
199,1PGA,A,K28I,-0.7215,AATAE,K,VFKQY,I
200,1PGA,A,V29A,-0.1403,ATAEK,V,FKQYA,A
201,1PGA,A,V29D,0.2208,ATAEK,V,FKQYA,D
202,1PGA,A,V29E,-0.11800000000000001,ATAEK,V,FKQYA,E
203,1PGA,A,V29F,-0.5923,ATAEK,V,FKQYA,F
204,1PGA,A,V29G,0.912,ATAEK,V,FKQYA,G
205,1PGA,A,V29H,-0.1615,ATAEK,V,FKQYA,H
206,1PGA,A,V29I,-0.6809999999999999,ATAEK,V,FKQYA,I
207,1PGA,A,V29K,-0.3326,ATAEK,V,FKQYA,K
208,1PGA,A,V29L,-0.2917,ATAEK,V,FKQYA,L
209,1PGA,A,V29M,-0.1372,ATAEK,V,FKQYA,M
210,1PGA,A,V29N,0.2247,ATAEK,V,FKQYA,N
211,1PGA,A,V29P,2.722,ATAEK,V,FKQYA,P
212,1PGA,A,V29Q,-0.3762,ATAEK,V,FKQYA,Q
213,1PGA,A,V29R,-0.4376,ATAEK,V,FKQYA,R
214,1PGA,A,V29S,0.1711,ATAEK,V,FKQYA,S
215,1PGA,A,V29T,-0.4142,ATAEK,V,FKQYA,T
216,1PGA,A,F30A,3.04,TAEKV,F,KQYAN,A
217,1PGA,A,F30D,0.5043,TAEKV,F,KQYAN,D
218,1PGA,A,F30E,4.0,TAEKV,F,KQYAN,E
219,1PGA,A,K31A,0.4356,AEKVF,K,QYAND,A
220,1PGA,A,K31D,4.0,AEKVF,K,QYAND,D
221,1PGA,A,K31E,0.7792,AEKVF,K,QYAND,E
222,1PGA,A,K31F,0.2177,AEKVF,K,QYAND,F
223,1PGA,A,K31G,1.156,AEKVF,K,QYAND,G
224,1PGA,A,K31H,4.0,AEKVF,K,QYAND,H
225,1PGA,A,K31I,-0.1853,AEKVF,K,QYAND,I
226,1PGA,A,Q32A,-0.1613,EKVFK,Q,YANDN,A
227,1PGA,A,Q32D,-0.049069999999999996,EKVFK,Q,YANDN,D
228,1PGA,A,Q32E,-0.3816,EKVFK,Q,YANDN,E
229,1PGA,A,Q32F,0.3163,EKVFK,Q,YANDN,F
230,1PGA,A,Q32G,0.419,EKVFK,Q,YANDN,G
231,1PGA,A,Q32H,0.1958,EKVFK,Q,YANDN,H
232,1PGA,A,Q32I,-0.1103,EKVFK,Q,YANDN,I
233,1PGA,A,Q32K,-0.5808,EKVFK,Q,YANDN,K
234,1PGA,A,Q32L,-0.1403,EKVFK,Q,YANDN,L
235,1PGA,A,Q32M,-0.4955,EKVFK,Q,YANDN,M
236,1PGA,A,Q32N,0.01396,EKVFK,Q,YANDN,N
237,1PGA,A,Q32P,-0.6124,EKVFK,Q,YANDN,P
238,1PGA,A,Y33A,1.774,KVFKQ,Y,ANDNG,A
239,1PGA,A,Y33D,4.0,KVFKQ,Y,ANDNG,D
240,1PGA,A,Y33E,1.739,KVFKQ,Y,ANDNG,E
241,1PGA,A,Y33F,-0.2852,KVFKQ,Y,ANDNG,F
242,1PGA,A,Y33G,3.4589999999999996,KVFKQ,Y,ANDNG,G
243,1PGA,A,Y33H,1.444,KVFKQ,Y,ANDNG,H
244,1PGA,A,Y33I,0.1415,KVFKQ,Y,ANDNG,I
245,1PGA,A,Y33K,1.525,KVFKQ,Y,ANDNG,K
246,1PGA,A,Y33L,0.7223,KVFKQ,Y,ANDNG,L
247,1PGA,A,Y33M,0.5996,KVFKQ,Y,ANDNG,M
248,1PGA,A,Y33N,1.953,KVFKQ,Y,ANDNG,N
249,1PGA,A,Y33P,4.0,KVFKQ,Y,ANDNG,P
250,1PGA,A,Y33Q,1.337,KVFKQ,Y,ANDNG,Q
251,1PGA,A,Y33R,1.724,KVFKQ,Y,ANDNG,R
252,1PGA,A,Y33T,1.641,KVFKQ,Y,ANDNG,T
253,1PGA,A,Y33V,0.4381,KVFKQ,Y,ANDNG,V
254,1PGA,A,N35A,-0.5888,FKQYA,N,DNGVD,A
255,1PGA,A,N35D,-0.1644,FKQYA,N,DNGVD,D
256,1PGA,A,N35E,-0.7452,FKQYA,N,DNGVD,E
257,1PGA,A,N35F,-1.001,FKQYA,N,DNGVD,F
258,1PGA,A,N35G,-0.1065,FKQYA,N,DNGVD,G
259,1PGA,A,N35H,-0.036989999999999995,FKQYA,N,DNGVD,H
260,1PGA,A,N35I,-0.6808,FKQYA,N,DNGVD,I
261,1PGA,A,N35K,-1.043,FKQYA,N,DNGVD,K
262,1PGA,A,N35L,-0.8509,FKQYA,N,DNGVD,L
263,1PGA,A,N35M,-0.1763,FKQYA,N,DNGVD,M
264,1PGA,A,D36A,-0.3988,KQYAN,D,NGVDG,A
265,1PGA,A,N37A,-0.3611,QYAND,N,GVDGE,A
266,1PGA,A,N37D,1.124,QYAND,N,GVDGE,D
267,1PGA,A,N37E,-0.003751,QYAND,N,GVDGE,E
268,1PGA,A,N37F,-1.005,QYAND,N,GVDGE,F
269,1PGA,A,N37G,0.9364,QYAND,N,GVDGE,G
270,1PGA,A,N37H,-0.6965,QYAND,N,GVDGE,H
271,1PGA,A,N37I,-0.5687,QYAND,N,GVDGE,I
272,1PGA,A,N37K,-1.018,QYAND,N,GVDGE,K
273,1PGA,A,N37L,-0.9543,QYAND,N,GVDGE,L
274,1PGA,A,N37M,-0.3042,QYAND,N,GVDGE,M
275,1PGA,A,G38D,-0.05173,YANDN,G,VDGEW,D
276,1PGA,A,G38E,0.1315,YANDN,G,VDGEW,E
277,1PGA,A,G38F,0.1966,YANDN,G,VDGEW,F
278,1PGA,A,V39A,1.181,ANDNG,V,DGEWT,A
279,1PGA,A,V39D,3.4139999999999997,ANDNG,V,DGEWT,D
280,1PGA,A,V39E,0.273,ANDNG,V,DGEWT,E
281,1PGA,A,V39F,-0.6698,ANDNG,V,DGEWT,F
282,1PGA,A,V39G,2.291,ANDNG,V,DGEWT,G
283,1PGA,A,V39H,1.5659999999999998,ANDNG,V,DGEWT,H
284,1PGA,A,V39I,-0.9096,ANDNG,V,DGEWT,I
285,1PGA,A,V39K,1.962,ANDNG,V,DGEWT,K
286,1PGA,A,V39L,-0.2675,ANDNG,V,DGEWT,L
287,1PGA,A,V39M,0.2731,ANDNG,V,DGEWT,M
288,1PGA,A,V39N,4.0,ANDNG,V,DGEWT,N
289,1PGA,A,V39P,2.31,ANDNG,V,DGEWT,P
290,1PGA,A,V39Q,1.52,ANDNG,V,DGEWT,Q
291,1PGA,A,V39R,2.039,ANDNG,V,DGEWT,R
292,1PGA,A,V39S,1.696,ANDNG,V,DGEWT,S
293,1PGA,A,V39T,1.281,ANDNG,V,DGEWT,T
294,1PGA,A,D40A,-0.1153,NDNGV,D,GEWTY,A
295,1PGA,A,G41A,-0.4935,DNGVD,G,EWTYD,A
296,1PGA,A,G41E,4.0,DNGVD,G,EWTYD,E
297,1PGA,A,G41F,2.315,DNGVD,G,EWTYD,F
298,1PGA,A,E42A,-0.6756,NGVDG,E,WTYDD,A
299,1PGA,A,E42D,-0.6086,NGVDG,E,WTYDD,D
300,1PGA,A,T44A,-0.396,VDGEW,T,YDDAT,A
301,1PGA,A,T44D,0.06051,VDGEW,T,YDDAT,D
302,1PGA,A,T44E,-0.2712,VDGEW,T,YDDAT,E
303,1PGA,A,T44F,-0.09237999999999999,VDGEW,T,YDDAT,F
304,1PGA,A,T44G,0.1777,VDGEW,T,YDDAT,G
305,1PGA,A,T44H,-0.3065,VDGEW,T,YDDAT,H
306,1PGA,A,T44I,-0.5158,VDGEW,T,YDDAT,I
307,1PGA,A,T44K,-0.2054,VDGEW,T,YDDAT,K
308,1PGA,A,T44L,-0.06871000000000001,VDGEW,T,YDDAT,L
309,1PGA,A,T44M,0.1149,VDGEW,T,YDDAT,M
310,1PGA,A,T44N,0.0023539999999999998,VDGEW,T,YDDAT,N
311,1PGA,A,T44P,4.0,VDGEW,T,YDDAT,P
312,1PGA,A,T44R,-0.1073,VDGEW,T,YDDAT,R
313,1PGA,A,T44S,-0.3613,VDGEW,T,YDDAT,S
314,1PGA,A,Y45A,4.0,DGEWT,Y,DDATK,A
315,1PGA,A,Y45D,1.05,DGEWT,Y,DDATK,D
316,1PGA,A,Y45E,4.0,DGEWT,Y,DDATK,E
317,1PGA,A,Y45F,0.05214,DGEWT,Y,DDATK,F
318,1PGA,A,Y45G,4.0,DGEWT,Y,DDATK,G
319,1PGA,A,Y45H,4.0,DGEWT,Y,DDATK,H
320,1PGA,A,Y45I,2.238,DGEWT,Y,DDATK,I
321,1PGA,A,Y45K,3.1239999999999997,DGEWT,Y,DDATK,K
322,1PGA,A,Y45L,1.79,DGEWT,Y,DDATK,L
323,1PGA,A,Y45M,2.494,DGEWT,Y,DDATK,M
324,1PGA,A,Y45N,4.0,DGEWT,Y,DDATK,N
325,1PGA,A,Y45P,4.0,DGEWT,Y,DDATK,P
326,1PGA,A,Y45Q,4.0,DGEWT,Y,DDATK,Q
327,1PGA,A,Y45R,2.224,DGEWT,Y,DDATK,R
328,1PGA,A,Y45S,2.968,DGEWT,Y,DDATK,S
329,1PGA,A,Y45T,4.0,DGEWT,Y,DDATK,T
330,1PGA,A,Y45V,2.526,DGEWT,Y,DDATK,V
331,1PGA,A,D46A,1.828,GEWTY,D,DATKT,A
332,1PGA,A,D47A,-0.2221,EWTYD,D,ATKTF,A
333,1PGA,A,T49A,0.5603,TYDDA,T,KTFTV,A
334,1PGA,A,T49D,0.8437,TYDDA,T,KTFTV,D
335,1PGA,A,T49E,0.3464,TYDDA,T,KTFTV,E
336,1PGA,A,T49F,0.6914,TYDDA,T,KTFTV,F
337,1PGA,A,T49G,0.9138,TYDDA,T,KTFTV,G
338,1PGA,A,T49H,0.4735,TYDDA,T,KTFTV,H
339,1PGA,A,T49I,0.3294,TYDDA,T,KTFTV,I
340,1PGA,A,T49K,0.034980000000000004,TYDDA,T,KTFTV,K
341,1PGA,A,T49L,-0.205,TYDDA,T,KTFTV,L
342,1PGA,A,T49M,0.4494,TYDDA,T,KTFTV,M
343,1PGA,A,T49N,-0.07347000000000001,TYDDA,T,KTFTV,N
344,1PGA,A,T49P,4.0,TYDDA,T,KTFTV,P
345,1PGA,A,T49Q,0.389,TYDDA,T,KTFTV,Q
346,1PGA,A,T49R,0.4665,TYDDA,T,KTFTV,R
347,1PGA,A,T49S,-0.1832,TYDDA,T,KTFTV,S
348,1PGA,A,K50A,0.1937,YDDAT,K,TFTVT,A
349,1PGA,A,K50D,1.329,YDDAT,K,TFTVT,D
350,1PGA,A,K50E,1.087,YDDAT,K,TFTVT,E
351,1PGA,A,K50F,-0.3438,YDDAT,K,TFTVT,F
352,1PGA,A,K50G,0.2322,YDDAT,K,TFTVT,G
353,1PGA,A,K50H,-0.8224,YDDAT,K,TFTVT,H
354,1PGA,A,K50I,1.524,YDDAT,K,TFTVT,I
355,1PGA,A,T51A,1.0979999999999999,DDATK,T,FTVTE,A
356,1PGA,A,T51D,3.3110000000000004,DDATK,T,FTVTE,D
357,1PGA,A,T51E,0.762,DDATK,T,FTVTE,E
358,1PGA,A,T51F,4.0,DDATK,T,FTVTE,F
359,1PGA,A,T51G,2.483,DDATK,T,FTVTE,G
360,1PGA,A,T51H,2.158,DDATK,T,FTVTE,H
361,1PGA,A,T51I,0.3024,DDATK,T,FTVTE,I
362,1PGA,A,T51K,1.3840000000000001,DDATK,T,FTVTE,K
363,1PGA,A,T51L,1.0490000000000002,DDATK,T,FTVTE,L
364,1PGA,A,T51M,0.9797,DDATK,T,FTVTE,M
365,1PGA,A,T51N,2.194,DDATK,T,FTVTE,N
366,1PGA,A,T51P,4.0,DDATK,T,FTVTE,P
367,1PGA,A,T51Q,1.033,DDATK,T,FTVTE,Q
368,1PGA,A,T51R,1.8459999999999999,DDATK,T,FTVTE,R
369,1PGA,A,T51S,0.6244,DDATK,T,FTVTE,S
370,1PGA,A,F52A,4.0,DATKT,F,TVTE-,A
371,1PGA,A,F52D,4.0,DATKT,F,TVTE-,D
372,1PGA,A,F52E,4.0,DATKT,F,TVTE-,E
373,1PGA,A,T53A,1.182,ATKTF,T,VTE--,A
374,1PGA,A,T53D,1.704,ATKTF,T,VTE--,D
375,1PGA,A,T53E,0.2464,ATKTF,T,VTE--,E
376,1PGA,A,T53F,0.01734,ATKTF,T,VTE--,F
377,1PGA,A,T53G,4.0,ATKTF,T,VTE--,G
378,1PGA,A,T53I,0.0538,ATKTF,T,VTE--,I
379,1PGA,A,T53K,0.4461,ATKTF,T,VTE--,K
380,1PGA,A,T53L,0.3705,ATKTF,T,VTE--,L
381,1PGA,A,T53M,-0.1526,ATKTF,T,VTE--,M
382,1PGA,A,T53N,0.6512,ATKTF,T,VTE--,N
383,1PGA,A,T53P,4.0,ATKTF,T,VTE--,P
384,1PGA,A,T53Q,0.3506,ATKTF,T,VTE--,Q
385,1PGA,A,T53R,0.2691,ATKTF,T,VTE--,R
386,1PGA,A,T53S,0.4351,ATKTF,T,VTE--,S
387,1PGA,A,V54A,1.889,TKTFT,V,TE---,A
388,1PGA,A,V54D,2.667,TKTFT,V,TE---,D
389,1PGA,A,V54E,4.0,TKTFT,V,TE---,E
390,1PGA,A,V54F,1.6380000000000001,TKTFT,V,TE---,F
391,1PGA,A,V54G,4.0,TKTFT,V,TE---,G
392,1PGA,A,V54H,4.0,TKTFT,V,TE---,H
393,1PGA,A,V54I,-0.2612,TKTFT,V,TE---,I
394,1PGA,A,V54K,4.0,TKTFT,V,TE---,K
395,1PGA,A,V54L,0.07873,TKTFT,V,TE---,L
396,1PGA,A,V54M,0.6845,TKTFT,V,TE---,M
397,1PGA,A,V54N,4.0,TKTFT,V,TE---,N
398,1PGA,A,V54P,-0.42200000000000004,TKTFT,V,TE---,P
399,1PGA,A,V54Q,2.905,TKTFT,V,TE---,Q
400,1PGA,A,V54R,4.0,TKTFT,V,TE---,R
401,1PGA,A,V54S,1.5419999999999998,TKTFT,V,TE---,S
402,1PGA,A,V54T,1.676,TKTFT,V,TE---,T
403,1PGA,A,T55A,0.7046,KTFTV,T,E----,A
404,1PGA,A,T55D,0.3296,KTFTV,T,E----,D
405,1PGA,A,T55E,0.3561,KTFTV,T,E----,E
406,1PGA,A,T55F,0.1949,KTFTV,T,E----,F
407,1PGA,A,T55G,0.981,KTFTV,T,E----,G
408,1PGA,A,T55H,0.662,KTFTV,T,E----,H
409,1PGA,A,T55I,0.2417,KTFTV,T,E----,I
410,1PGA,A,T55K,0.637,KTFTV,T,E----,K
411,1PGA,A,T55L,0.2955,KTFTV,T,E----,L
412,1PGA,A,T55M,0.4753,KTFTV,T,E----,M
413,1PGA,A,T55N,-0.3415,KTFTV,T,E----,N
414,1PGA,A,T55P,4.0,KTFTV,T,E----,P
415,1PGA,A,T55Q,0.03916,KTFTV,T,E----,Q
416,1PGA,A,T55R,0.131,KTFTV,T,E----,R
417,1PGA,A,T55S,-0.3475,KTFTV,T,E----,S
418,1PGA,A,E56A,0.1844,TFTVT,E,-----,A
419,1PGA,A,E56D,0.1048,TFTVT,E,-----,D
420,1PGA,A,E56F,-1.03,TFTVT,E,-----,F
421,1PGA,A,E56G,0.3161,TFTVT,E,-----,G
422,1PGA,A,E56H,1.057,TFTVT,E,-----,H
423,1PGA,A,E56I,-0.01867,TFTVT,E,-----,I
424,1PGA,A,E56K,1.043,TFTVT,E,-----,K
425,1PGA,A,E56L,0.1419,TFTVT,E,-----,L
426,1PGA,A,E56M,0.2874,TFTVT,E,-----,M
427,1PGA,A,E56N,-0.1297,TFTVT,E,-----,N
428,1PGA,A,E56P,0.6575,TFTVT,E,-----,P
429,1PGA,A,E56Q,-0.2083,TFTVT,E,-----,Q
430,1PGA,A,E56R,1.339,TFTVT,E,-----,R
431,1PGA,A,E56S,0.1691,TFTVT,E,-----,S
432,1PGA,A,E56T,0.2044,TFTVT,E,-----,T
433,1PGA,A,E56V,0.2482,TFTVT,E,-----,V
434,1PGA,A,E56Y,-0.6801,TFTVT,E,-----,Y
435,1PGA,A,T55V,0.2301,KTFTV,T,E----,V
436,1PGA,A,T55Y,0.1379,KTFTV,T,E----,Y
437,1PGA,A,V54Y,1.7280000000000002,TKTFT,V,TE---,Y
438,1PGA,A,T53V,0.1104,ATKTF,T,VTE--,V
439,1PGA,A,T53Y,-0.2362,ATKTF,T,VTE--,Y
440,1PGA,A,F52G,4.0,DATKT,F,TVTE-,G
441,1PGA,A,F52H,2.656,DATKT,F,TVTE-,H
442,1PGA,A,F52I,0.2429,DATKT,F,TVTE-,I
443,1PGA,A,F52K,4.0,DATKT,F,TVTE-,K
444,1PGA,A,F52L,2.526,DATKT,F,TVTE-,L
445,1PGA,A,F52M,2.7060000000000004,DATKT,F,TVTE-,M
446,1PGA,A,F52N,4.0,DATKT,F,TVTE-,N
447,1PGA,A,F52P,1.719,DATKT,F,TVTE-,P
448,1PGA,A,F52Q,4.0,DATKT,F,TVTE-,Q
449,1PGA,A,F52R,4.0,DATKT,F,TVTE-,R
450,1PGA,A,F52S,4.0,DATKT,F,TVTE-,S
451,1PGA,A,F52T,4.0,DATKT,F,TVTE-,T
452,1PGA,A,F52V,2.992,DATKT,F,TVTE-,V
453,1PGA,A,F52Y,0.3431,DATKT,F,TVTE-,Y
454,1PGA,A,T51V,0.5016,DDATK,T,FTVTE,V
455,1PGA,A,T51Y,1.635,DDATK,T,FTVTE,Y
456,1PGA,A,K50L,-0.5464,YDDAT,K,TFTVT,L
457,1PGA,A,K50M,0.05043,YDDAT,K,TFTVT,M
458,1PGA,A,K50N,-0.3757,YDDAT,K,TFTVT,N
459,1PGA,A,K50P,4.0,YDDAT,K,TFTVT,P
460,1PGA,A,K50Q,-1.167,YDDAT,K,TFTVT,Q
461,1PGA,A,K50R,-0.7618,YDDAT,K,TFTVT,R
462,1PGA,A,K50S,0.2897,YDDAT,K,TFTVT,S
463,1PGA,A,K50T,1.168,YDDAT,K,TFTVT,T
464,1PGA,A,K50V,1.345,YDDAT,K,TFTVT,V
465,1PGA,A,K50Y,-0.4603,YDDAT,K,TFTVT,Y
466,1PGA,A,T49V,0.499,TYDDA,T,KTFTV,V
467,1PGA,A,T49Y,0.8254,TYDDA,T,KTFTV,Y
468,1PGA,A,A48D,-0.3508,WTYDD,A,TKTFT,D
469,1PGA,A,A48E,-0.4587,WTYDD,A,TKTFT,E
470,1PGA,A,A48F,-0.004024,WTYDD,A,TKTFT,F
471,1PGA,A,A48G,0.1165,WTYDD,A,TKTFT,G
472,1PGA,A,A48H,0.08335,WTYDD,A,TKTFT,H
473,1PGA,A,A48I,-0.06508,WTYDD,A,TKTFT,I
474,1PGA,A,A48K,-0.4986,WTYDD,A,TKTFT,K
475,1PGA,A,A48L,-0.5142,WTYDD,A,TKTFT,L
476,1PGA,A,A48M,0.036539999999999996,WTYDD,A,TKTFT,M
477,1PGA,A,A48N,-0.1345,WTYDD,A,TKTFT,N
478,1PGA,A,A48P,-0.01175,WTYDD,A,TKTFT,P
479,1PGA,A,A48Q,-0.5385,WTYDD,A,TKTFT,Q
480,1PGA,A,A48R,-0.1224,WTYDD,A,TKTFT,R
481,1PGA,A,A48S,-0.2873,WTYDD,A,TKTFT,S
482,1PGA,A,A48T,-0.1552,WTYDD,A,TKTFT,T
483,1PGA,A,A48V,-0.3335,WTYDD,A,TKTFT,V
484,1PGA,A,A48Y,-0.4127,WTYDD,A,TKTFT,Y
485,1PGA,A,D47E,-0.6884,EWTYD,D,ATKTF,E
486,1PGA,A,D47F,-0.5808,EWTYD,D,ATKTF,F
487,1PGA,A,D47G,-0.2496,EWTYD,D,ATKTF,G
488,1PGA,A,D47H,0.1733,EWTYD,D,ATKTF,H
489,1PGA,A,D47I,-0.7419,EWTYD,D,ATKTF,I
490,1PGA,A,D47K,-0.3256,EWTYD,D,ATKTF,K
491,1PGA,A,D47L,0.3316,EWTYD,D,ATKTF,L
492,1PGA,A,D47M,0.7547,EWTYD,D,ATKTF,M
493,1PGA,A,D47N,-0.3454,EWTYD,D,ATKTF,N
494,1PGA,A,D47P,-0.8987,EWTYD,D,ATKTF,P
495,1PGA,A,D47Q,-0.5846,EWTYD,D,ATKTF,Q
496,1PGA,A,D47R,-0.1762,EWTYD,D,ATKTF,R
497,1PGA,A,D47S,-0.4559,EWTYD,D,ATKTF,S
498,1PGA,A,D47T,0.06607,EWTYD,D,ATKTF,T
499,1PGA,A,D47V,0.005520000000000001,EWTYD,D,ATKTF,V
500,1PGA,A,D47Y,-0.3546,EWTYD,D,ATKTF,Y
501,1PGA,A,D46E,0.0487,GEWTY,D,DATKT,E
502,1PGA,A,D46F,0.5241,GEWTY,D,DATKT,F
503,1PGA,A,D46G,2.667,GEWTY,D,DATKT,G
504,1PGA,A,D46H,0.8399,GEWTY,D,DATKT,H
505,1PGA,A,D46K,0.6075,GEWTY,D,DATKT,K
506,1PGA,A,D46L,0.5259,GEWTY,D,DATKT,L
507,1PGA,A,D46M,0.8416,GEWTY,D,DATKT,M
508,1PGA,A,D46N,-0.47200000000000003,GEWTY,D,DATKT,N
509,1PGA,A,D46P,4.0,GEWTY,D,DATKT,P
510,1PGA,A,D46Q,0.3826,GEWTY,D,DATKT,Q
511,1PGA,A,D46R,1.716,GEWTY,D,DATKT,R
512,1PGA,A,D46S,0.1975,GEWTY,D,DATKT,S
513,1PGA,A,D46T,0.8039,GEWTY,D,DATKT,T
514,1PGA,A,D46V,0.5117,GEWTY,D,DATKT,V
515,1PGA,A,D46Y,1.3090000000000002,GEWTY,D,DATKT,Y
516,1PGA,A,T44V,0.1041,VDGEW,T,YDDAT,V
517,1PGA,A,T44Y,-0.4001,VDGEW,T,YDDAT,Y
518,1PGA,A,E42F,-0.625,NGVDG,E,WTYDD,F
519,1PGA,A,E42G,0.8815,NGVDG,E,WTYDD,G
520,1PGA,A,E42I,-1.1909999999999998,NGVDG,E,WTYDD,I
521,1PGA,A,E42K,-0.6484,NGVDG,E,WTYDD,K
522,1PGA,A,E42L,-0.607,NGVDG,E,WTYDD,L
523,1PGA,A,E42M,-0.4159,NGVDG,E,WTYDD,M
524,1PGA,A,E42N,-0.2477,NGVDG,E,WTYDD,N
525,1PGA,A,E42P,1.255,NGVDG,E,WTYDD,P
526,1PGA,A,E42Q,-0.7139,NGVDG,E,WTYDD,Q
527,1PGA,A,E42R,-0.5541,NGVDG,E,WTYDD,R
528,1PGA,A,E42S,-0.0057090000000000005,NGVDG,E,WTYDD,S
529,1PGA,A,E42T,-0.1269,NGVDG,E,WTYDD,T
530,1PGA,A,E42V,-0.2759,NGVDG,E,WTYDD,V
531,1PGA,A,E42Y,-0.6940000000000001,NGVDG,E,WTYDD,Y
532,1PGA,A,G41H,4.0,DNGVD,G,EWTYD,H
533,1PGA,A,G41I,-0.5839,DNGVD,G,EWTYD,I
534,1PGA,A,G41K,2.411,DNGVD,G,EWTYD,K
535,1PGA,A,G41L,4.0,DNGVD,G,EWTYD,L
536,1PGA,A,G41M,-0.1888,DNGVD,G,EWTYD,M
537,1PGA,A,G41N,4.0,DNGVD,G,EWTYD,N
538,1PGA,A,G41P,4.0,DNGVD,G,EWTYD,P
539,1PGA,A,G41Q,4.0,DNGVD,G,EWTYD,Q
540,1PGA,A,G41R,-0.4337,DNGVD,G,EWTYD,R
541,1PGA,A,G41S,4.0,DNGVD,G,EWTYD,S
542,1PGA,A,G41T,4.0,DNGVD,G,EWTYD,T
543,1PGA,A,G41V,4.0,DNGVD,G,EWTYD,V
544,1PGA,A,G41Y,2.488,DNGVD,G,EWTYD,Y
545,1PGA,A,D40E,-0.5006,NDNGV,D,GEWTY,E
546,1PGA,A,D40F,-0.8243,NDNGV,D,GEWTY,F
547,1PGA,A,D40G,0.1589,NDNGV,D,GEWTY,G
548,1PGA,A,D40H,4.0,NDNGV,D,GEWTY,H
549,1PGA,A,D40I,-0.5893,NDNGV,D,GEWTY,I
550,1PGA,A,D40K,-0.5482,NDNGV,D,GEWTY,K
551,1PGA,A,D40L,-0.1702,NDNGV,D,GEWTY,L
552,1PGA,A,D40M,-0.4579,NDNGV,D,GEWTY,M
553,1PGA,A,D40N,-0.6686,NDNGV,D,GEWTY,N
554,1PGA,A,D40P,1.723,NDNGV,D,GEWTY,P
555,1PGA,A,D40Q,-0.7176,NDNGV,D,GEWTY,Q
556,1PGA,A,D40R,-0.5541,NDNGV,D,GEWTY,R
557,1PGA,A,D40S,-0.5632,NDNGV,D,GEWTY,S
558,1PGA,A,D40T,-0.5705,NDNGV,D,GEWTY,T
559,1PGA,A,D40V,-0.5867,NDNGV,D,GEWTY,V
560,1PGA,A,D40Y,-0.8437,NDNGV,D,GEWTY,Y
561,1PGA,A,V39Y,0.4204,ANDNG,V,DGEWT,Y
562,1PGA,A,G38H,-0.5023,YANDN,G,VDGEW,H
563,1PGA,A,G38I,1.439,YANDN,G,VDGEW,I
564,1PGA,A,G38K,-0.2873,YANDN,G,VDGEW,K
565,1PGA,A,G38L,-0.04239,YANDN,G,VDGEW,L
566,1PGA,A,G38M,0.4658,YANDN,G,VDGEW,M
567,1PGA,A,G38N,-0.3001,YANDN,G,VDGEW,N
568,1PGA,A,G38P,2.741,YANDN,G,VDGEW,P
569,1PGA,A,G38Q,-0.1927,YANDN,G,VDGEW,Q
570,1PGA,A,G38R,0.4179,YANDN,G,VDGEW,R
571,1PGA,A,G38S,0.1732,YANDN,G,VDGEW,S
572,1PGA,A,G38T,1.006,YANDN,G,VDGEW,T
573,1PGA,A,G38V,1.306,YANDN,G,VDGEW,V
574,1PGA,A,G38Y,0.4339,YANDN,G,VDGEW,Y
575,1PGA,A,N37P,3.694,QYAND,N,GVDGE,P
576,1PGA,A,N37Q,-0.9441,QYAND,N,GVDGE,Q
577,1PGA,A,N37R,-0.4179,QYAND,N,GVDGE,R
578,1PGA,A,N37S,-0.2243,QYAND,N,GVDGE,S
579,1PGA,A,N37T,-0.08425,QYAND,N,GVDGE,T
580,1PGA,A,N37V,-0.4774,QYAND,N,GVDGE,V
581,1PGA,A,N37Y,-0.7826,QYAND,N,GVDGE,Y
582,1PGA,A,D36E,-1.051,KQYAN,D,NGVDG,E
583,1PGA,A,D36F,0.059379999999999995,KQYAN,D,NGVDG,F
584,1PGA,A,D36G,0.9505,KQYAN,D,NGVDG,G
585,1PGA,A,D36H,0.09497,KQYAN,D,NGVDG,H
586,1PGA,A,D36I,-0.2773,KQYAN,D,NGVDG,I
587,1PGA,A,D36K,-0.1981,KQYAN,D,NGVDG,K
588,1PGA,A,D36L,-0.2918,KQYAN,D,NGVDG,L
589,1PGA,A,D36M,-0.4983,KQYAN,D,NGVDG,M
590,1PGA,A,D36N,-0.4932,KQYAN,D,NGVDG,N
591,1PGA,A,D36P,2.7039999999999997,KQYAN,D,NGVDG,P
592,1PGA,A,D36Q,-0.4089,KQYAN,D,NGVDG,Q
593,1PGA,A,D36R,-0.4081,KQYAN,D,NGVDG,R
594,1PGA,A,D36S,-0.4628,KQYAN,D,NGVDG,S
595,1PGA,A,D36T,0.2012,KQYAN,D,NGVDG,T
596,1PGA,A,D36V,-0.3005,KQYAN,D,NGVDG,V
597,1PGA,A,D36Y,-0.4349,KQYAN,D,NGVDG,Y
598,1PGA,A,N35P,4.0,FKQYA,N,DNGVD,P
599,1PGA,A,N35Q,-0.8364,FKQYA,N,DNGVD,Q
600,1PGA,A,N35R,-0.3325,FKQYA,N,DNGVD,R
601,1PGA,A,N35S,-0.7551,FKQYA,N,DNGVD,S
602,1PGA,A,N35T,-0.4761,FKQYA,N,DNGVD,T
603,1PGA,A,N35V,-0.4245,FKQYA,N,DNGVD,V
604,1PGA,A,N35Y,-0.9328,FKQYA,N,DNGVD,Y
605,1PGA,A,A34D,4.0,VFKQY,A,NDNGV,D
606,1PGA,A,A34E,2.6039999999999996,VFKQY,A,NDNGV,E
607,1PGA,A,A34F,1.8530000000000002,VFKQY,A,NDNGV,F
608,1PGA,A,A34G,1.4609999999999999,VFKQY,A,NDNGV,G
609,1PGA,A,A34H,3.1910000000000003,VFKQY,A,NDNGV,H
610,1PGA,A,A34I,0.6699,VFKQY,A,NDNGV,I
611,1PGA,A,A34K,2.81,VFKQY,A,NDNGV,K
612,1PGA,A,A34L,-0.1117,VFKQY,A,NDNGV,L
613,1PGA,A,A34M,0.4539,VFKQY,A,NDNGV,M
614,1PGA,A,A34N,1.4609999999999999,VFKQY,A,NDNGV,N
615,1PGA,A,A34P,4.0,VFKQY,A,NDNGV,P
616,1PGA,A,A34Q,2.332,VFKQY,A,NDNGV,Q
617,1PGA,A,A34R,2.928,VFKQY,A,NDNGV,R
618,1PGA,A,A34S,0.5321,VFKQY,A,NDNGV,S
619,1PGA,A,A34T,0.3816,VFKQY,A,NDNGV,T
620,1PGA,A,A34V,-0.01522,VFKQY,A,NDNGV,V
621,1PGA,A,A34Y,1.9980000000000002,VFKQY,A,NDNGV,Y
622,1PGA,A,Q32R,-0.3876,EKVFK,Q,YANDN,R
623,1PGA,A,Q32S,-0.2027,EKVFK,Q,YANDN,S
624,1PGA,A,Q32T,-0.3186,EKVFK,Q,YANDN,T
625,1PGA,A,Q32V,0.1299,EKVFK,Q,YANDN,V
626,1PGA,A,Q32Y,0.3905,EKVFK,Q,YANDN,Y
627,1PGA,A,K31L,-0.172,AEKVF,K,QYAND,L
628,1PGA,A,K31M,-0.3944,AEKVF,K,QYAND,M
629,1PGA,A,K31N,0.5826,AEKVF,K,QYAND,N
630,1PGA,A,K31P,4.0,AEKVF,K,QYAND,P
631,1PGA,A,K31Q,-0.4476,AEKVF,K,QYAND,Q
632,1PGA,A,K31R,4.0,AEKVF,K,QYAND,R
633,1PGA,A,K31S,0.7225,AEKVF,K,QYAND,S
634,1PGA,A,K31T,0.4844,AEKVF,K,QYAND,T
635,1PGA,A,K31V,-0.1874,AEKVF,K,QYAND,V
636,1PGA,A,K31Y,0.4829,AEKVF,K,QYAND,Y
637,1PGA,A,F30G,4.0,TAEKV,F,KQYAN,G
638,1PGA,A,F30H,4.0,TAEKV,F,KQYAN,H
639,1PGA,A,F30I,4.0,TAEKV,F,KQYAN,I
640,1PGA,A,F30K,4.0,TAEKV,F,KQYAN,K
641,1PGA,A,F30L,0.4824,TAEKV,F,KQYAN,L
642,1PGA,A,F30M,1.663,TAEKV,F,KQYAN,M
643,1PGA,A,F30N,4.0,TAEKV,F,KQYAN,N
644,1PGA,A,F30P,4.0,TAEKV,F,KQYAN,P
645,1PGA,A,F30Q,4.0,TAEKV,F,KQYAN,Q
646,1PGA,A,F30R,0.2781,TAEKV,F,KQYAN,R
647,1PGA,A,F30S,4.0,TAEKV,F,KQYAN,S
648,1PGA,A,F30T,4.0,TAEKV,F,KQYAN,T
649,1PGA,A,F30V,2.531,TAEKV,F,KQYAN,V
650,1PGA,A,F30Y,-0.9144,TAEKV,F,KQYAN,Y
651,1PGA,A,V29Y,-0.1913,ATAEK,V,FKQYA,Y
652,1PGA,A,K28L,-0.3129,AATAE,K,VFKQY,L
653,1PGA,A,K28M,-0.5786,AATAE,K,VFKQY,M
654,1PGA,A,K28N,-0.4428,AATAE,K,VFKQY,N
655,1PGA,A,K28P,1.23,AATAE,K,VFKQY,P
656,1PGA,A,K28Q,-0.6138,AATAE,K,VFKQY,Q
657,1PGA,A,K28R,-0.9133,AATAE,K,VFKQY,R
658,1PGA,A,K28S,-0.3627,AATAE,K,VFKQY,S
659,1PGA,A,K28T,-0.185,AATAE,K,VFKQY,T
660,1PGA,A,K28V,-0.2348,AATAE,K,VFKQY,V
661,1PGA,A,K28Y,-0.2474,AATAE,K,VFKQY,Y
662,1PGA,A,E27F,-1.915,DAATA,E,KVFKQ,F
663,1PGA,A,E27G,-0.005568,DAATA,E,KVFKQ,G
664,1PGA,A,E27H,4.0,DAATA,E,KVFKQ,H
665,1PGA,A,E27I,-0.09867999999999999,DAATA,E,KVFKQ,I
666,1PGA,A,E27K,-0.8303,DAATA,E,KVFKQ,K
667,1PGA,A,E27L,-1.815,DAATA,E,KVFKQ,L
668,1PGA,A,E27M,-0.9275,DAATA,E,KVFKQ,M
669,1PGA,A,E27N,1.6380000000000001,DAATA,E,KVFKQ,N
670,1PGA,A,E27P,4.0,DAATA,E,KVFKQ,P
671,1PGA,A,E27Q,-0.4424,DAATA,E,KVFKQ,Q
672,1PGA,A,E27R,-0.4369,DAATA,E,KVFKQ,R
673,1PGA,A,E27S,0.3593,DAATA,E,KVFKQ,S
674,1PGA,A,E27T,1.036,DAATA,E,KVFKQ,T
675,1PGA,A,E27V,0.9147,DAATA,E,KVFKQ,V
676,1PGA,A,E27Y,-0.2636,DAATA,E,KVFKQ,Y
677,1PGA,A,A26D,4.0,VDAAT,A,EKVFK,D
678,1PGA,A,A26E,4.0,VDAAT,A,EKVFK,E
679,1PGA,A,A26F,4.0,VDAAT,A,EKVFK,F
680,1PGA,A,A26G,4.0,VDAAT,A,EKVFK,G
681,1PGA,A,A26H,4.0,VDAAT,A,EKVFK,H
682,1PGA,A,A26I,4.0,VDAAT,A,EKVFK,I
683,1PGA,A,A26K,4.0,VDAAT,A,EKVFK,K
684,1PGA,A,A26L,4.0,VDAAT,A,EKVFK,L
685,1PGA,A,A26M,4.0,VDAAT,A,EKVFK,M
686,1PGA,A,A26N,4.0,VDAAT,A,EKVFK,N
687,1PGA,A,A26P,4.0,VDAAT,A,EKVFK,P
688,1PGA,A,A26Q,4.0,VDAAT,A,EKVFK,Q
689,1PGA,A,A26R,4.0,VDAAT,A,EKVFK,R
690,1PGA,A,A26S,2.33,VDAAT,A,EKVFK,S
691,1PGA,A,A26T,4.0,VDAAT,A,EKVFK,T
692,1PGA,A,A26V,2.406,VDAAT,A,EKVFK,V
693,1PGA,A,A26Y,4.0,VDAAT,A,EKVFK,Y
694,1PGA,A,T25V,0.09562000000000001,AVDAA,T,AEKVF,V
695,1PGA,A,T25Y,-0.102,AVDAA,T,AEKVF,Y
696,1PGA,A,A24D,-0.2675,EAVDA,A,TAEKV,D
697,1PGA,A,A24E,-0.6679,EAVDA,A,TAEKV,E
698,1PGA,A,A24F,-0.6184,EAVDA,A,TAEKV,F
699,1PGA,A,A24G,-0.1481,EAVDA,A,TAEKV,G
700,1PGA,A,A24H,0.3865,EAVDA,A,TAEKV,H
701,1PGA,A,A24I,-0.5529,EAVDA,A,TAEKV,I
702,1PGA,A,A24K,-0.7753,EAVDA,A,TAEKV,K
703,1PGA,A,A24L,-0.2697,EAVDA,A,TAEKV,L
704,1PGA,A,A24M,-0.406,EAVDA,A,TAEKV,M
705,1PGA,A,A24N,0.2393,EAVDA,A,TAEKV,N
706,1PGA,A,A24P,0.1859,EAVDA,A,TAEKV,P
707,1PGA,A,A24Q,-0.045739999999999996,EAVDA,A,TAEKV,Q
708,1PGA,A,A24R,-0.5373,EAVDA,A,TAEKV,R
709,1PGA,A,A24S,-0.2187,EAVDA,A,TAEKV,S
710,1PGA,A,A24T,-0.23199999999999998,EAVDA,A,TAEKV,T
711,1PGA,A,A24V,-0.1925,EAVDA,A,TAEKV,V
712,1PGA,A,A24Y,-0.4426,EAVDA,A,TAEKV,Y
713,1PGA,A,A23D,0.4388,TEAVD,A,ATAEK,D
714,1PGA,A,A23E,-0.0442,TEAVD,A,ATAEK,E
715,1PGA,A,A23F,-0.5854,TEAVD,A,ATAEK,F
716,1PGA,A,A23G,0.8266,TEAVD,A,ATAEK,G
717,1PGA,A,A23H,0.1959,TEAVD,A,ATAEK,H
718,1PGA,A,A23I,-0.5642,TEAVD,A,ATAEK,I
719,1PGA,A,A23K,-0.4793,TEAVD,A,ATAEK,K
720,1PGA,A,A23L,-0.2233,TEAVD,A,ATAEK,L
721,1PGA,A,A23N,0.1944,TEAVD,A,ATAEK,N
722,1PGA,A,A23P,0.1395,TEAVD,A,ATAEK,P
723,1PGA,A,A23Q,-0.7965,TEAVD,A,ATAEK,Q
724,1PGA,A,A23R,-0.5935,TEAVD,A,ATAEK,R
725,1PGA,A,A23S,-0.1622,TEAVD,A,ATAEK,S
726,1PGA,A,A23T,-0.3184,TEAVD,A,ATAEK,T
727,1PGA,A,A23V,-0.3774,TEAVD,A,ATAEK,V
728,1PGA,A,A23Y,-0.3807,TEAVD,A,ATAEK,Y
729,1PGA,A,D22E,0.8214,TTEAV,D,AATAE,E
730,1PGA,A,D22F,1.075,TTEAV,D,AATAE,F
731,1PGA,A,D22G,1.028,TTEAV,D,AATAE,G
732,1PGA,A,D22H,0.9863,TTEAV,D,AATAE,H
733,1PGA,A,D22I,2.207,TTEAV,D,AATAE,I
734,1PGA,A,D22K,1.217,TTEAV,D,AATAE,K
735,1PGA,A,D22L,1.175,TTEAV,D,AATAE,L
736,1PGA,A,D22M,1.3459999999999999,TTEAV,D,AATAE,M
737,1PGA,A,D22N,-0.2102,TTEAV,D,AATAE,N
738,1PGA,A,D22P,2.932,TTEAV,D,AATAE,P
739,1PGA,A,D22Q,1.206,TTEAV,D,AATAE,Q
740,1PGA,A,D22R,1.47,TTEAV,D,AATAE,R
741,1PGA,A,D22S,-0.6246,TTEAV,D,AATAE,S
742,1PGA,A,D22T,0.4365,TTEAV,D,AATAE,T
743,1PGA,A,D22V,1.426,TTEAV,D,AATAE,V
744,1PGA,A,D22Y,1.166,TTEAV,D,AATAE,Y
745,1PGA,A,A20D,1.646,ETTTE,A,VDAAT,D
746,1PGA,A,A20E,0.5820000000000001,ETTTE,A,VDAAT,E
747,1PGA,A,A20F,1.732,ETTTE,A,VDAAT,F
748,1PGA,A,A20G,1.107,ETTTE,A,VDAAT,G
749,1PGA,A,A20H,1.9140000000000001,ETTTE,A,VDAAT,H
750,1PGA,A,A20I,1.861,ETTTE,A,VDAAT,I
751,1PGA,A,A20K,1.77,ETTTE,A,VDAAT,K
752,1PGA,A,A20L,2.032,ETTTE,A,VDAAT,L
753,1PGA,A,A20M,1.43,ETTTE,A,VDAAT,M
754,1PGA,A,A20N,2.8510000000000004,ETTTE,A,VDAAT,N
755,1PGA,A,A20P,3.48,ETTTE,A,VDAAT,P
756,1PGA,A,A20Q,-0.1162,ETTTE,A,VDAAT,Q
757,1PGA,A,A20R,1.4669999999999999,ETTTE,A,VDAAT,R
758,1PGA,A,A20S,0.2021,ETTTE,A,VDAAT,S
759,1PGA,A,A20T,0.9471,ETTTE,A,VDAAT,T
760,1PGA,A,A20V,0.8814,ETTTE,A,VDAAT,V
761,1PGA,A,A20Y,1.9380000000000002,ETTTE,A,VDAAT,Y
762,1PGA,A,E19F,-0.8412,GETTT,E,AVDAA,F
763,1PGA,A,E19G,1.472,GETTT,E,AVDAA,G
764,1PGA,A,E19H,-0.01886,GETTT,E,AVDAA,H
765,1PGA,A,E19I,-0.9345,GETTT,E,AVDAA,I
766,1PGA,A,E19K,-0.4203,GETTT,E,AVDAA,K
767,1PGA,A,E19L,-0.3686,GETTT,E,AVDAA,L
768,1PGA,A,E19M,-0.1866,GETTT,E,AVDAA,M
769,1PGA,A,E19N,-0.6401,GETTT,E,AVDAA,N
770,1PGA,A,E19P,0.778,GETTT,E,AVDAA,P
771,1PGA,A,E19Q,-0.5158,GETTT,E,AVDAA,Q
772,1PGA,A,E19R,-0.7238,GETTT,E,AVDAA,R
773,1PGA,A,E19S,-0.1053,GETTT,E,AVDAA,S
774,1PGA,A,E19T,-0.6515,GETTT,E,AVDAA,T
775,1PGA,A,E19V,0.09325,GETTT,E,AVDAA,V
776,1PGA,A,E19Y,-0.774,GETTT,E,AVDAA,Y
777,1PGA,A,T18V,-0.3905,KGETT,T,EAVDA,V
778,1PGA,A,T18Y,-0.1554,KGETT,T,EAVDA,Y
779,1PGA,A,T17V,-0.1832,LKGET,T,TEAVD,V
780,1PGA,A,T17Y,-0.7134,LKGET,T,TEAVD,Y
781,1PGA,A,T16V,-0.5015,TLKGE,T,TTEAV,V
782,1PGA,A,T16Y,-1.3130000000000002,TLKGE,T,TTEAV,Y
783,1PGA,A,E15F,-0.5656,KTLKG,E,TTTEA,F
784,1PGA,A,E15G,0.21899999999999997,KTLKG,E,TTTEA,G
785,1PGA,A,E15H,0.2518,KTLKG,E,TTTEA,H
786,1PGA,A,E15I,-0.6033,KTLKG,E,TTTEA,I
787,1PGA,A,E15K,-0.1296,KTLKG,E,TTTEA,K
788,1PGA,A,E15L,-0.1557,KTLKG,E,TTTEA,L
789,1PGA,A,E15M,-0.7185,KTLKG,E,TTTEA,M
790,1PGA,A,E15N,-0.1626,KTLKG,E,TTTEA,N
791,1PGA,A,E15P,1.979,KTLKG,E,TTTEA,P
792,1PGA,A,E15Q,-0.8749,KTLKG,E,TTTEA,Q
793,1PGA,A,E15R,-0.2761,KTLKG,E,TTTEA,R
794,1PGA,A,E15S,-0.165,KTLKG,E,TTTEA,S
795,1PGA,A,E15T,-0.01162,KTLKG,E,TTTEA,T
796,1PGA,A,E15V,-0.9221,KTLKG,E,TTTEA,V
797,1PGA,A,E15Y,-0.6644,KTLKG,E,TTTEA,Y
798,1PGA,A,G14H,-0.08403,GKTLK,G,ETTTE,H
799,1PGA,A,G14I,-0.8071,GKTLK,G,ETTTE,I
800,1PGA,A,G14K,-0.7175,GKTLK,G,ETTTE,K
801,1PGA,A,G14L,-1.25,GKTLK,G,ETTTE,L
802,1PGA,A,G14M,-0.9401,GKTLK,G,ETTTE,M
803,1PGA,A,G14N,-0.02504,GKTLK,G,ETTTE,N
804,1PGA,A,G14P,0.8771,GKTLK,G,ETTTE,P
805,1PGA,A,G14Q,-0.5181,GKTLK,G,ETTTE,Q
806,1PGA,A,G14R,-0.8728,GKTLK,G,ETTTE,R
807,1PGA,A,G14S,-0.5117,GKTLK,G,ETTTE,S
808,1PGA,A,G14T,-0.3898,GKTLK,G,ETTTE,T
809,1PGA,A,G14V,-0.5203,GKTLK,G,ETTTE,V
810,1PGA,A,G14Y,-0.2434,GKTLK,G,ETTTE,Y
811,1PGA,A,K13L,0.05832999999999999,NGKTL,K,GETTT,L
812,1PGA,A,K13M,-0.317,NGKTL,K,GETTT,M
813,1PGA,A,K13N,-0.010709999999999999,NGKTL,K,GETTT,N
814,1PGA,A,K13P,0.9935,NGKTL,K,GETTT,P
815,1PGA,A,K13Q,-1.07,NGKTL,K,GETTT,Q
816,1PGA,A,K13R,-0.326,NGKTL,K,GETTT,R
817,1PGA,A,K13S,-0.5716,NGKTL,K,GETTT,S
818,1PGA,A,K13T,-0.2514,NGKTL,K,GETTT,T
819,1PGA,A,K13V,-0.5257,NGKTL,K,GETTT,V
820,1PGA,A,K13Y,-0.6876,NGKTL,K,GETTT,Y
821,1PGA,A,L12M,-0.3446,LNGKT,L,KGETT,M
822,1PGA,A,L12N,-0.08539,LNGKT,L,KGETT,N
823,1PGA,A,L12P,1.2309999999999999,LNGKT,L,KGETT,P
824,1PGA,A,L12Q,-0.1395,LNGKT,L,KGETT,Q
825,1PGA,A,L12R,-0.2425,LNGKT,L,KGETT,R
826,1PGA,A,L12S,0.0594,LNGKT,L,KGETT,S
827,1PGA,A,L12T,-0.4164,LNGKT,L,KGETT,T
828,1PGA,A,L12V,-0.632,LNGKT,L,KGETT,V
829,1PGA,A,L12Y,-1.776,LNGKT,L,KGETT,Y
830,1PGA,A,T11V,-0.5362,ILNGK,T,LKGET,V
831,1PGA,A,T11Y,-0.2982,ILNGK,T,LKGET,Y
832,1PGA,A,K10L,-0.7221,LILNG,K,TLKGE,L
833,1PGA,A,K10M,-0.2474,LILNG,K,TLKGE,M
834,1PGA,A,K10N,-0.09672,LILNG,K,TLKGE,N
835,1PGA,A,K10P,0.177,LILNG,K,TLKGE,P
836,1PGA,A,K10Q,-0.1136,LILNG,K,TLKGE,Q
837,1PGA,A,K10R,-0.6497,LILNG,K,TLKGE,R
838,1PGA,A,K10S,0.1296,LILNG,K,TLKGE,S
839,1PGA,A,K10T,-0.1995,LILNG,K,TLKGE,T
840,1PGA,A,K10V,-0.4141,LILNG,K,TLKGE,V
841,1PGA,A,K10Y,-0.5094,LILNG,K,TLKGE,Y
842,1PGA,A,G9H,1.22,KLILN,G,KTLKG,H
843,1PGA,A,G9I,0.5926,KLILN,G,KTLKG,I
844,1PGA,A,G9K,1.227,KLILN,G,KTLKG,K
845,1PGA,A,G9M,0.5478,KLILN,G,KTLKG,M
846,1PGA,A,G9N,1.29,KLILN,G,KTLKG,N
847,1PGA,A,G9P,2.381,KLILN,G,KTLKG,P
848,1PGA,A,G9Q,1.055,KLILN,G,KTLKG,Q
849,1PGA,A,G9R,0.8811,KLILN,G,KTLKG,R
850,1PGA,A,G9S,-0.02543,KLILN,G,KTLKG,S
851,1PGA,A,G9T,-0.3,KLILN,G,KTLKG,T
852,1PGA,A,G9V,0.4168,KLILN,G,KTLKG,V
853,1PGA,A,G9Y,0.5363,KLILN,G,KTLKG,Y
854,1PGA,A,N8P,1.4480000000000002,YKLIL,N,GKTLK,P
855,1PGA,A,N8Q,-0.2871,YKLIL,N,GKTLK,Q
856,1PGA,A,N8R,-0.6361,YKLIL,N,GKTLK,R
857,1PGA,A,N8S,0.04427,YKLIL,N,GKTLK,S
858,1PGA,A,N8T,0.6143,YKLIL,N,GKTLK,T
859,1PGA,A,N8V,-0.1292,YKLIL,N,GKTLK,V
860,1PGA,A,N8Y,-0.2102,YKLIL,N,GKTLK,Y
861,1PGA,A,L7N,4.0,TYKLI,L,NGKTL,N
862,1PGA,A,L7P,2.8819999999999997,TYKLI,L,NGKTL,P
863,1PGA,A,L7Q,1.537,TYKLI,L,NGKTL,Q
864,1PGA,A,L7R,2.072,TYKLI,L,NGKTL,R
865,1PGA,A,L7S,1.794,TYKLI,L,NGKTL,S
866,1PGA,A,L7T,1.135,TYKLI,L,NGKTL,T
867,1PGA,A,L7V,-0.08476,TYKLI,L,NGKTL,V
868,1PGA,A,L7Y,0.02215,TYKLI,L,NGKTL,Y
869,1PGA,A,I6K,0.4732,MTYKL,I,LNGKT,K
870,1PGA,A,I6L,0.1139,MTYKL,I,LNGKT,L
871,1PGA,A,I6M,0.5008,MTYKL,I,LNGKT,M
872,1PGA,A,I6N,0.7986,MTYKL,I,LNGKT,N
873,1PGA,A,I6P,4.0,MTYKL,I,LNGKT,P
874,1PGA,A,I6Q,0.5795,MTYKL,I,LNGKT,Q
875,1PGA,A,I6R,0.6629,MTYKL,I,LNGKT,R
876,1PGA,A,I6S,1.38,MTYKL,I,LNGKT,S
877,1PGA,A,I6T,0.9127,MTYKL,I,LNGKT,T
878,1PGA,A,I6V,-0.4875,MTYKL,I,LNGKT,V
879,1PGA,A,I6Y,0.21,MTYKL,I,LNGKT,Y
880,1PGA,A,L5M,0.6775,-MTYK,L,ILNGK,M
881,1PGA,A,L5N,4.0,-MTYK,L,ILNGK,N
882,1PGA,A,L5P,1.653,-MTYK,L,ILNGK,P
883,1PGA,A,L5Q,4.0,-MTYK,L,ILNGK,Q
884,1PGA,A,L5R,-0.7247,-MTYK,L,ILNGK,R
885,1PGA,A,L5S,4.0,-MTYK,L,ILNGK,S
886,1PGA,A,L5T,4.0,-MTYK,L,ILNGK,T
887,1PGA,A,L5V,1.251,-MTYK,L,ILNGK,V
888,1PGA,A,L5Y,2.758,-MTYK,L,ILNGK,Y
889,1PGA,A,K4L,0.2145,--MTY,K,LILNG,L
890,1PGA,A,K4M,-0.491,--MTY,K,LILNG,M
891,1PGA,A,K4N,0.2063,--MTY,K,LILNG,N
892,1PGA,A,K4P,4.0,--MTY,K,LILNG,P
893,1PGA,A,K4Q,0.1725,--MTY,K,LILNG,Q
894,1PGA,A,K4R,-0.773,--MTY,K,LILNG,R
895,1PGA,A,K4S,-0.1752,--MTY,K,LILNG,S
896,1PGA,A,K4T,-0.4815,--MTY,K,LILNG,T
897,1PGA,A,K4V,0.2696,--MTY,K,LILNG,V
898,1PGA,A,K4Y,-0.8246,--MTY,K,LILNG,Y
899,1PGA,A,T2V,-1.3090000000000002,----M,T,YKLIL,V
900,1PGA,A,T2Y,-0.1476,----M,T,YKLIL,Y
901,1PGA,A,M1P,-0.05926,-----,M,TYKLI,P
902,1PGA,A,M1Q,-0.4025,-----,M,TYKLI,Q
903,1PGA,A,M1R,-0.5102,-----,M,TYKLI,R
904,1PGA,A,M1S,-0.68,-----,M,TYKLI,S
905,1PGA,A,M1T,-0.4983,-----,M,TYKLI,T
906,1PGA,A,M1Y,-0.68,-----,M,TYKLI,Y
