,pdbid,variant,left_flank,right_flank,wt_restype,mt_restype
0,1PGA,M1A,-----,TYKLI,M,A
1,1PGA,M1D,-----,TYKLI,M,D
2,1PGA,M1E,-----,TYKLI,M,E
3,1PGA,M1L,-----,TYKLI,M,L
4,1PGA,T2E,----M,YKLIL,T,E
5,1PGA,T2F,----M,YKLIL,T,F
6,1PGA,T2G,----M,YKLIL,T,G
7,1PGA,T2H,----M,YKLIL,T,H
8,1PGA,T2I,----M,YKLIL,T,I
9,1PGA,T2L,----M,YKLIL,T,L
10,1PGA,T2N,----M,YKLIL,T,N
11,1PGA,T2Q,----M,YKLIL,T,Q
12,1PGA,T2R,----M,YKLIL,T,R
13,1PGA,Y3A,---MT,KLILN,Y,A
14,1PGA,Y3D,---MT,KLILN,Y,D
15,1PGA,Y3E,---MT,KLILN,Y,E
16,1PGA,Y3F,---MT,KLILN,Y,F
17,1PGA,Y3G,---MT,KLILN,Y,G
18,1PGA,Y3H,---MT,KLILN,Y,H
19,1PGA,Y3I,---MT,KLILN,Y,I
20,1PGA,Y3K,---MT,KLILN,Y,K
21,1PGA,Y3L,---MT,KLILN,Y,L
22,1PGA,Y3M,---MT,KLILN,Y,M
23,1PGA,Y3N,---MT,KLILN,Y,N
24,1PGA,Y3P,---MT,KLILN,Y,P
25,1PGA,Y3Q,---MT,KLILN,Y,Q
26,1PGA,Y3S,---MT,KLILN,Y,S
27,1PGA,Y3T,---MT,KLILN,Y,T
28,1PGA,Y3V,---MT,KLILN,Y,V
29,1PGA,K4A,--MTY,LILNG,K,A
30,1PGA,K4D,--MTY,LILNG,K,D
31,1PGA,K4E,--MTY,LILNG,K,E
32,1PGA,K4F,--MTY,LILNG,K,F
33,1PGA,K4G,--MTY,LILNG,K,G
34,1PGA,K4H,--MTY,LILNG,K,H
35,1PGA,K4I,--MTY,LILNG,K,I
36,1PGA,L5A,-MTYK,ILNGK,L,A
37,1PGA,L5D,-MTYK,ILNGK,L,D
38,1PGA,L5E,-MTYK,ILNGK,L,E
39,1PGA,L5F,-MTYK,ILNGK,L,F
40,1PGA,L5G,-MTYK,ILNGK,L,G
41,1PGA,L5H,-MTYK,ILNGK,L,H
42,1PGA,L5I,-MTYK,ILNGK,L,I
43,1PGA,L5K,-MTYK,ILNGK,L,K
44,1PGA,I6A,MTYKL,LNGKT,I,A
45,1PGA,I6D,MTYKL,LNGKT,I,D
46,1PGA,I6E,MTYKL,LNGKT,I,E
47,1PGA,I6F,MTYKL,LNGKT,I,F
48,1PGA,I6G,MTYKL,LNGKT,I,G
49,1PGA,I6H,MTYKL,LNGKT,I,H
50,1PGA,L7A,TYKLI,NGKTL,L,A
51,1PGA,L7D,TYKLI,NGKTL,L,D
52,1PGA,L7E,TYKLI,NGKTL,L,E
53,1PGA,L7F,TYKLI,NGKTL,L,F
54,1PGA,L7G,TYKLI,NGKTL,L,G
55,1PGA,L7H,TYKLI,NGKTL,L,H
56,1PGA,L7I,TYKLI,NGKTL,L,I
57,1PGA,N8A,YKLIL,GKTLK,N,A
58,1PGA,N8D,YKLIL,GKTLK,N,D
59,1PGA,N8E,YKLIL,GKTLK,N,E
60,1PGA,N8F,YKLIL,GKTLK,N,F
61,1PGA,N8G,YKLIL,GKTLK,N,G
62,1PGA,N8H,YKLIL,GKTLK,N,H
63,1PGA,N8I,YKLIL,GKTLK,N,I
64,1PGA,N8K,YKLIL,GKTLK,N,K
65,1PGA,N8L,YKLIL,GKTLK,N,L
66,1PGA,N8M,YKLIL,GKTLK,N,M
67,1PGA,G9A,KLILN,KTLKG,G,A
68,1PGA,G9D,KLILN,KTLKG,G,D
69,1PGA,G9E,KLILN,KTLKG,G,E
70,1PGA,G9F,KLILN,KTLKG,G,F
71,1PGA,K10A,LILNG,TLKGE,K,A
72,1PGA,K10D,LILNG,TLKGE,K,D
73,1PGA,K10E,LILNG,TLKGE,K,E
74,1PGA,K10F,LILNG,TLKGE,K,F
75,1PGA,K10G,LILNG,TLKGE,K,G
76,1PGA,K10H,LILNG,TLKGE,K,H
77,1PGA,K10I,LILNG,TLKGE,K,I
78,1PGA,T11A,ILNGK,LKGET,T,A
79,1PGA,T11D,ILNGK,LKGET,T,D
80,1PGA,T11E,ILNGK,LKGET,T,E
81,1PGA,T11F,ILNGK,LKGET,T,F
82,1PGA,T11G,ILNGK,LKGET,T,G
83,1PGA,T11H,ILNGK,LKGET,T,H
84,1PGA,T11I,ILNGK,LKGET,T,I
85,1PGA,T11K,ILNGK,LKGET,T,K
86,1PGA,T11L,ILNGK,LKGET,T,L
87,1PGA,T11M,ILNGK,LKGET,T,M
88,1PGA,T11N,ILNGK,LKGET,T,N
89,1PGA,T11P,ILNGK,LKGET,T,P
90,1PGA,T11Q,ILNGK,LKGET,T,Q
91,1PGA,T11R,ILNGK,LKGET,T,R
92,1PGA,T11S,ILNGK,LKGET,T,S
93,1PGA,L12A,LNGKT,KGETT,L,A
94,1PGA,L12D,LNGKT,KGETT,L,D
95,1PGA,L12E,LNGKT,KGETT,L,E
96,1PGA,L12G,LNGKT,KGETT,L,G
97,1PGA,L12H,LNGKT,KGETT,L,H
98,1PGA,L12I,LNGKT,KGETT,L,I
99,1PGA,L12K,LNGKT,KGETT,L,K
100,1PGA,K13A,NGKTL,GETTT,K,A
101,1PGA,K13D,NGKTL,GETTT,K,D
102,1PGA,K13E,NGKTL,GETTT,K,E
103,1PGA,K13F,NGKTL,GETTT,K,F
104,1PGA,K13G,NGKTL,GETTT,K,G
105,1PGA,K13I,NGKTL,GETTT,K,I
106,1PGA,G14A,GKTLK,ETTTE,G,A
107,1PGA,G14D,GKTLK,ETTTE,G,D
108,1PGA,G14E,GKTLK,ETTTE,G,E
109,1PGA,G14F,GKTLK,ETTTE,G,F
110,1PGA,E15A,KTLKG,TTTEA,E,A
111,1PGA,E15D,KTLKG,TTTEA,E,D
112,1PGA,T16A,TLKGE,TTEAV,T,A
113,1PGA,T16D,TLKGE,TTEAV,T,D
114,1PGA,T16E,TLKGE,TTEAV,T,E
115,1PGA,T16F,TLKGE,TTEAV,T,F
116,1PGA,T16G,TLKGE,TTEAV,T,G
117,1PGA,T16H,TLKGE,TTEAV,T,H
118,1PGA,T16I,TLKGE,TTEAV,T,I
119,1PGA,T16K,TLKGE,TTEAV,T,K
120,1PGA,T16L,TLKGE,TTEAV,T,L
121,1PGA,T16M,TLKGE,TTEAV,T,M
122,1PGA,T16N,TLKGE,TTEAV,T,N
123,1PGA,T16P,TLKGE,TTEAV,T,P
124,1PGA,T16Q,TLKGE,TTEAV,T,Q
125,1PGA,T16R,TLKGE,TTEAV,T,R
126,1PGA,T16S,TLKGE,TTEAV,T,S
127,1PGA,T17A,LKGET,TEAVD,T,A
128,1PGA,T17D,LKGET,TEAVD,T,D
129,1PGA,T17E,LKGET,TEAVD,T,E
130,1PGA,T17F,LKGET,TEAVD,T,F
131,1PGA,T17G,LKGET,TEAVD,T,G
132,1PGA,T17H,LKGET,TEAVD,T,H
133,1PGA,T17I,LKGET,TEAVD,T,I
134,1PGA,T17K,LKGET,TEAVD,T,K
135,1PGA,T17L,LKGET,TEAVD,T,L
136,1PGA,T17M,LKGET,TEAVD,T,M
137,1PGA,T17N,LKGET,TEAVD,T,N
138,1PGA,T17P,LKGET,TEAVD,T,P
139,1PGA,T17Q,LKGET,TEAVD,T,Q
140,1PGA,T17R,LKGET,TEAVD,T,R
141,1PGA,T17S,LKGET,TEAVD,T,S
142,1PGA,T18A,KGETT,EAVDA,T,A
143,1PGA,T18D,KGETT,EAVDA,T,D
144,1PGA,T18E,KGETT,EAVDA,T,E
145,1PGA,T18F,KGETT,EAVDA,T,F
146,1PGA,T18G,KGETT,EAVDA,T,G
147,1PGA,T18H,KGETT,EAVDA,T,H
148,1PGA,T18I,KGETT,EAVDA,T,I
149,1PGA,T18K,KGETT,EAVDA,T,K
150,1PGA,T18L,KGETT,EAVDA,T,L
151,1PGA,T18M,KGETT,EAVDA,T,M
152,1PGA,T18N,KGETT,EAVDA,T,N
153,1PGA,T18P,KGETT,EAVDA,T,P
154,1PGA,T18Q,KGETT,EAVDA,T,Q
155,1PGA,T18R,KGETT,EAVDA,T,R
156,1PGA,T18S,KGETT,EAVDA,T,S
157,1PGA,E19A,GETTT,AVDAA,E,A
158,1PGA,E19D,GETTT,AVDAA,E,D
159,1PGA,V21A,TTTEA,DAATA,V,A
160,1PGA,V21D,TTTEA,DAATA,V,D
161,1PGA,V21E,TTTEA,DAATA,V,E
162,1PGA,V21F,TTTEA,DAATA,V,F
163,1PGA,V21G,TTTEA,DAATA,V,G
164,1PGA,V21H,TTTEA,DAATA,V,H
165,1PGA,V21I,TTTEA,DAATA,V,I
166,1PGA,V21K,TTTEA,DAATA,V,K
167,1PGA,V21L,TTTEA,DAATA,V,L
168,1PGA,V21M,TTTEA,DAATA,V,M
169,1PGA,V21N,TTTEA,DAATA,V,N
170,1PGA,V21P,TTTEA,DAATA,V,P
171,1PGA,V21Q,TTTEA,DAATA,V,Q
172,1PGA,V21R,TTTEA,DAATA,V,R
173,1PGA,V21S,TTTEA,DAATA,V,S
174,1PGA,V21T,TTTEA,DAATA,V,T
175,1PGA,D22A,TTEAV,AATAE,D,A
176,1PGA,T25A,AVDAA,AEKVF,T,A
177,1PGA,T25D,AVDAA,AEKVF,T,D
178,1PGA,T25E,AVDAA,AEKVF,T,E
179,1PGA,T25F,AVDAA,AEKVF,T,F
180,1PGA,T25G,AVDAA,AEKVF,T,G
181,1PGA,T25H,AVDAA,AEKVF,T,H
182,1PGA,T25I,AVDAA,AEKVF,T,I
183,1PGA,T25K,AVDAA,AEKVF,T,K
184,1PGA,T25L,AVDAA,AEKVF,T,L
185,1PGA,T25M,AVDAA,AEKVF,T,M
186,1PGA,T25N,AVDAA,AEKVF,T,N
187,1PGA,T25P,AVDAA,AEKVF,T,P
188,1PGA,T25Q,AVDAA,AEKVF,T,Q
189,1PGA,T25R,AVDAA,AEKVF,T,R
190,1PGA,T25S,AVDAA,AEKVF,T,S
191,1PGA,E27A,DAATA,KVFKQ,E,A
192,1PGA,E27D,DAATA,KVFKQ,E,D
193,1PGA,K28A,AATAE,VFKQY,K,A
194,1PGA,K28D,AATAE,VFKQY,K,D
195,1PGA,K28E,AATAE,VFKQY,K,E
196,1PGA,K28F,AATAE,VFKQY,K,F
197,1PGA,K28G,AATAE,VFKQY,K,G
198,1PGA,K28H,AATAE,VFKQY,K,H
199,1PGA,K28I,AATAE,VFKQY,K,I
200,1PGA,V29A,ATAEK,FKQYA,V,A
201,1PGA,V29D,ATAEK,FKQYA,V,D
202,1PGA,V29E,ATAEK,FKQYA,V,E
203,1PGA,V29F,ATAEK,FKQYA,V,F
204,1PGA,V29G,ATAEK,FKQYA,V,G
205,1PGA,V29H,ATAEK,FKQYA,V,H
206,1PGA,V29I,ATAEK,FKQYA,V,I
207,1PGA,V29K,ATAEK,FKQYA,V,K
208,1PGA,V29L,ATAEK,FKQYA,V,L
209,1PGA,V29M,ATAEK,FKQYA,V,M
210,1PGA,V29N,ATAEK,FKQYA,V,N
211,1PGA,V29P,ATAEK,FKQYA,V,P
212,1PGA,V29Q,ATAEK,FKQYA,V,Q
213,1PGA,V29R,ATAEK,FKQYA,V,R
214,1PGA,V29S,ATAEK,FKQYA,V,S
215,1PGA,V29T,ATAEK,FKQYA,V,T
216,1PGA,F30A,TAEKV,KQYAN,F,A
217,1PGA,F30D,TAEKV,KQYAN,F,D
218,1PGA,F30E,TAEKV,KQYAN,F,E
219,1PGA,K31A,AEKVF,QYAND,K,A
220,1PGA,K31D,AEKVF,QYAND,K,D
221,1PGA,K31E,AEKVF,QYAND,K,E
222,1PGA,K31F,AEKVF,QYAND,K,F
223,1PGA,K31G,AEKVF,QYAND,K,G
224,1PGA,K31H,AEKVF,QYAND,K,H
225,1PGA,K31I,AEKVF,QYAND,K,I
226,1PGA,Q32A,EKVFK,YANDN,Q,A
227,1PGA,Q32D,EKVFK,YANDN,Q,D
228,1PGA,Q32E,EKVFK,YANDN,Q,E
229,1PGA,Q32F,EKVFK,YANDN,Q,F
230,1PGA,Q32G,EKVFK,YANDN,Q,G
231,1PGA,Q32H,EKVFK,YANDN,Q,H
232,1PGA,Q32I,EKVFK,YANDN,Q,I
233,1PGA,Q32K,EKVFK,YANDN,Q,K
234,1PGA,Q32L,EKVFK,YANDN,Q,L
235,1PGA,Q32M,EKVFK,YANDN,Q,M
236,1PGA,Q32N,EKVFK,YANDN,Q,N
237,1PGA,Q32P,EKVFK,YANDN,Q,P
238,1PGA,Y33A,KVFKQ,ANDNG,Y,A
239,1PGA,Y33D,KVFKQ,ANDNG,Y,D
240,1PGA,Y33E,KVFKQ,ANDNG,Y,E
241,1PGA,Y33F,KVFKQ,ANDNG,Y,F
242,1PGA,Y33G,KVFKQ,ANDNG,Y,G
243,1PGA,Y33H,KVFKQ,ANDNG,Y,H
244,1PGA,Y33I,KVFKQ,ANDNG,Y,I
245,1PGA,Y33K,KVFKQ,ANDNG,Y,K
246,1PGA,Y33L,KVFKQ,ANDNG,Y,L
247,1PGA,Y33M,KVFKQ,ANDNG,Y,M
248,1PGA,Y33N,KVFKQ,ANDNG,Y,N
249,1PGA,Y33P,KVFKQ,ANDNG,Y,P
250,1PGA,Y33Q,KVFKQ,ANDNG,Y,Q
251,1PGA,Y33R,KVFKQ,ANDNG,Y,R
252,1PGA,Y33T,KVFKQ,ANDNG,Y,T
253,1PGA,Y33V,KVFKQ,ANDNG,Y,V
254,1PGA,N35A,FKQYA,DNGVD,N,A
255,1PGA,N35D,FKQYA,DNGVD,N,D
256,1PGA,N35E,FKQYA,DNGVD,N,E
257,1PGA,N35F,FKQYA,DNGVD,N,F
258,1PGA,N35G,FKQYA,DNGVD,N,G
259,1PGA,N35H,FKQYA,DNGVD,N,H
260,1PGA,N35I,FKQYA,DNGVD,N,I
261,1PGA,N35K,FKQYA,DNGVD,N,K
262,1PGA,N35L,FKQYA,DNGVD,N,L
263,1PGA,N35M,FKQYA,DNGVD,N,M
264,1PGA,D36A,KQYAN,NGVDG,D,A
265,1PGA,N37A,QYAND,GVDGE,N,A
266,1PGA,N37D,QYAND,GVDGE,N,D
267,1PGA,N37E,QYAND,GVDGE,N,E
268,1PGA,N37F,QYAND,GVDGE,N,F
269,1PGA,N37G,QYAND,GVDGE,N,G
270,1PGA,N37H,QYAND,GVDGE,N,H
271,1PGA,N37I,QYAND,GVDGE,N,I
272,1PGA,N37K,QYAND,GVDGE,N,K
273,1PGA,N37L,QYAND,GVDGE,N,L
274,1PGA,N37M,QYAND,GVDGE,N,M
275,1PGA,G38D,YANDN,VDGEW,G,D
276,1PGA,G38E,YANDN,VDGEW,G,E
277,1PGA,G38F,YANDN,VDGEW,G,F
278,1PGA,V39A,ANDNG,DGEWT,V,A
279,1PGA,V39D,ANDNG,DGEWT,V,D
280,1PGA,V39E,ANDNG,DGEWT,V,E
281,1PGA,V39F,ANDNG,DGEWT,V,F
282,1PGA,V39G,ANDNG,DGEWT,V,G
283,1PGA,V39H,ANDNG,DGEWT,V,H
284,1PGA,V39I,ANDNG,DGEWT,V,I
285,1PGA,V39K,ANDNG,DGEWT,V,K
286,1PGA,V39L,ANDNG,DGEWT,V,L
287,1PGA,V39M,ANDNG,DGEWT,V,M
288,1PGA,V39N,ANDNG,DGEWT,V,N
289,1PGA,V39P,ANDNG,DGEWT,V,P
290,1PGA,V39Q,ANDNG,DGEWT,V,Q
291,1PGA,V39R,ANDNG,DGEWT,V,R
292,1PGA,V39S,ANDNG,DGEWT,V,S
293,1PGA,V39T,ANDNG,DGEWT,V,T
294,1PGA,D40A,NDNGV,GEWTY,D,A
295,1PGA,G41A,DNGVD,EWTYD,G,A
296,1PGA,G41E,DNGVD,EWTYD,G,E
297,1PGA,G41F,DNGVD,EWTYD,G,F
298,1PGA,E42A,NGVDG,WTYDD,E,A
299,1PGA,E42D,NGVDG,WTYDD,E,D
300,1PGA,T44A,VDGEW,YDDAT,T,A
301,1PGA,T44D,VDGEW,YDDAT,T,D
302,1PGA,T44E,VDGEW,YDDAT,T,E
303,1PGA,T44F,VDGEW,YDDAT,T,F
304,1PGA,T44G,VDGEW,YDDAT,T,G
305,1PGA,T44H,VDGEW,YDDAT,T,H
306,1PGA,T44I,VDGEW,YDDAT,T,I
307,1PGA,T44K,VDGEW,YDDAT,T,K
308,1PGA,T44L,VDGEW,YDDAT,T,L
309,1PGA,T44M,VDGEW,YDDAT,T,M
310,1PGA,T44N,VDGEW,YDDAT,T,N
311,1PGA,T44P,VDGEW,YDDAT,T,P
312,1PGA,T44R,VDGEW,YDDAT,T,R
313,1PGA,T44S,VDGEW,YDDAT,T,S
314,1PGA,Y45A,DGEWT,DDATK,Y,A
315,1PGA,Y45D,DGEWT,DDATK,Y,D
316,1PGA,Y45E,DGEWT,DDATK,Y,E
317,1PGA,Y45F,DGEWT,DDATK,Y,F
318,1PGA,Y45G,DGEWT,DDATK,Y,G
319,1PGA,Y45H,DGEWT,DDATK,Y,H
320,1PGA,Y45I,DGEWT,DDATK,Y,I
321,1PGA,Y45K,DGEWT,DDATK,Y,K
322,1PGA,Y45L,DGEWT,DDATK,Y,L
323,1PGA,Y45M,DGEWT,DDATK,Y,M
324,1PGA,Y45N,DGEWT,DDATK,Y,N
325,1PGA,Y45P,DGEWT,DDATK,Y,P
326,1PGA,Y45Q,DGEWT,DDATK,Y,Q
327,1PGA,Y45R,DGEWT,DDATK,Y,R
328,1PGA,Y45S,DGEWT,DDATK,Y,S
329,1PGA,Y45T,DGEWT,DDATK,Y,T
330,1PGA,Y45V,DGEWT,DDATK,Y,V
331,1PGA,D46A,GEWTY,DATKT,D,A
332,1PGA,D47A,EWTYD,ATKTF,D,A
333,1PGA,T49A,TYDDA,KTFTV,T,A
334,1PGA,T49D,TYDDA,KTFTV,T,D
335,1PGA,T49E,TYDDA,KTFTV,T,E
336,1PGA,T49F,TYDDA,KTFTV,T,F
337,1PGA,T49G,TYDDA,KTFTV,T,G
338,1PGA,T49H,TYDDA,KTFTV,T,H
339,1PGA,T49I,TYDDA,KTFTV,T,I
340,1PGA,T49K,TYDDA,KTFTV,T,K
341,1PGA,T49L,TYDDA,KTFTV,T,L
342,1PGA,T49M,TYDDA,KTFTV,T,M
343,1PGA,T49N,TYDDA,KTFTV,T,N
344,1PGA,T49P,TYDDA,KTFTV,T,P
345,1PGA,T49Q,TYDDA,KTFTV,T,Q
346,1PGA,T49R,TYDDA,KTFTV,T,R
347,1PGA,T49S,TYDDA,KTFTV,T,S
348,1PGA,K50A,YDDAT,TFTVT,K,A
349,1PGA,K50D,YDDAT,TFTVT,K,D
350,1PGA,K50E,YDDAT,TFTVT,K,E
351,1PGA,K50F,YDDAT,TFTVT,K,F
352,1PGA,K50G,YDDAT,TFTVT,K,G
353,1PGA,K50H,YDDAT,TFTVT,K,H
354,1PGA,K50I,YDDAT,TFTVT,K,I
355,1PGA,T51A,DDATK,FTVTE,T,A
356,1PGA,T51D,DDATK,FTVTE,T,D
357,1PGA,T51E,DDATK,FTVTE,T,E
358,1PGA,T51F,DDATK,FTVTE,T,F
359,1PGA,T51G,DDATK,FTVTE,T,G
360,1PGA,T51H,DDATK,FTVTE,T,H
361,1PGA,T51I,DDATK,FTVTE,T,I
362,1PGA,T51K,DDATK,FTVTE,T,K
363,1PGA,T51L,DDATK,FTVTE,T,L
364,1PGA,T51M,DDATK,FTVTE,T,M
365,1PGA,T51N,DDATK,FTVTE,T,N
366,1PGA,T51P,DDATK,FTVTE,T,P
367,1PGA,T51Q,DDATK,FTVTE,T,Q
368,1PGA,T51R,DDATK,FTVTE,T,R
369,1PGA,T51S,DDATK,FTVTE,T,S
370,1PGA,F52A,DATKT,TVTE-,F,A
371,1PGA,F52D,DATKT,TVTE-,F,D
372,1PGA,F52E,DATKT,TVTE-,F,E
373,1PGA,T53A,ATKTF,VTE--,T,A
374,1PGA,T53D,ATKTF,VTE--,T,D
375,1PGA,T53E,ATKTF,VTE--,T,E
376,1PGA,T53F,ATKTF,VTE--,T,F
377,1PGA,T53G,ATKTF,VTE--,T,G
378,1PGA,T53I,ATKTF,VTE--,T,I
379,1PGA,T53K,ATKTF,VTE--,T,K
380,1PGA,T53L,ATKTF,VTE--,T,L
381,1PGA,T53M,ATKTF,VTE--,T,M
382,1PGA,T53N,ATKTF,VTE--,T,N
383,1PGA,T53P,ATKTF,VTE--,T,P
384,1PGA,T53Q,ATKTF,VTE--,T,Q
385,1PGA,T53R,ATKTF,VTE--,T,R
386,1PGA,T53S,ATKTF,VTE--,T,S
387,1PGA,V54A,TKTFT,TE---,V,A
388,1PGA,V54D,TKTFT,TE---,V,D
389,1PGA,V54E,TKTFT,TE---,V,E
390,1PGA,V54F,TKTFT,TE---,V,F
391,1PGA,V54G,TKTFT,TE---,V,G
392,1PGA,V54H,TKTFT,TE---,V,H
393,1PGA,V54I,TKTFT,TE---,V,I
394,1PGA,V54K,TKTFT,TE---,V,K
395,1PGA,V54L,TKTFT,TE---,V,L
396,1PGA,V54M,TKTFT,TE---,V,M
397,1PGA,V54N,TKTFT,TE---,V,N
398,1PGA,V54P,TKTFT,TE---,V,P
399,1PGA,V54Q,TKTFT,TE---,V,Q
400,1PGA,V54R,TKTFT,TE---,V,R
401,1PGA,V54S,TKTFT,TE---,V,S
402,1PGA,V54T,TKTFT,TE---,V,T
403,1PGA,T55A,KTFTV,E----,T,A
404,1PGA,T55D,KTFTV,E----,T,D
405,1PGA,T55E,KTFTV,E----,T,E
406,1PGA,T55F,KTFTV,E----,T,F
407,1PGA,T55G,KTFTV,E----,T,G
408,1PGA,T55H,KTFTV,E----,T,H
409,1PGA,T55I,KTFTV,E----,T,I
410,1PGA,T55K,KTFTV,E----,T,K
411,1PGA,T55L,KTFTV,E----,T,L
412,1PGA,T55M,KTFTV,E----,T,M
413,1PGA,T55N,KTFTV,E----,T,N
414,1PGA,T55P,KTFTV,E----,T,P
415,1PGA,T55Q,KTFTV,E----,T,Q
416,1PGA,T55R,KTFTV,E----,T,R
417,1PGA,T55S,KTFTV,E----,T,S
418,1PGA,E56A,TFTVT,-----,E,A
419,1PGA,E56D,TFTVT,-----,E,D
420,1PGA,E56F,TFTVT,-----,E,F
421,1PGA,E56G,TFTVT,-----,E,G
422,1PGA,E56H,TFTVT,-----,E,H
423,1PGA,E56I,TFTVT,-----,E,I
424,1PGA,E56K,TFTVT,-----,E,K
425,1PGA,E56L,TFTVT,-----,E,L
426,1PGA,E56M,TFTVT,-----,E,M
427,1PGA,E56N,TFTVT,-----,E,N
428,1PGA,E56P,TFTVT,-----,E,P
429,1PGA,E56Q,TFTVT,-----,E,Q
430,1PGA,E56R,TFTVT,-----,E,R
431,1PGA,E56S,TFTVT,-----,E,S
432,1PGA,E56T,TFTVT,-----,E,T
433,1PGA,E56V,TFTVT,-----,E,V
434,1PGA,E56Y,TFTVT,-----,E,Y
435,1PGA,T55V,KTFTV,E----,T,V
436,1PGA,T55Y,KTFTV,E----,T,Y
437,1PGA,V54Y,TKTFT,TE---,V,Y
438,1PGA,T53V,ATKTF,VTE--,T,V
439,1PGA,T53Y,ATKTF,VTE--,T,Y
440,1PGA,F52G,DATKT,TVTE-,F,G
441,1PGA,F52H,DATKT,TVTE-,F,H
442,1PGA,F52I,DATKT,TVTE-,F,I
443,1PGA,F52K,DATKT,TVTE-,F,K
444,1PGA,F52L,DATKT,TVTE-,F,L
445,1PGA,F52M,DATKT,TVTE-,F,M
446,1PGA,F52N,DATKT,TVTE-,F,N
447,1PGA,F52P,DATKT,TVTE-,F,P
448,1PGA,F52Q,DATKT,TVTE-,F,Q
449,1PGA,F52R,DATKT,TVTE-,F,R
450,1PGA,F52S,DATKT,TVTE-,F,S
451,1PGA,F52T,DATKT,TVTE-,F,T
452,1PGA,F52V,DATKT,TVTE-,F,V
453,1PGA,F52Y,DATKT,TVTE-,F,Y
454,1PGA,T51V,DDATK,FTVTE,T,V
455,1PGA,T51Y,DDATK,FTVTE,T,Y
456,1PGA,K50L,YDDAT,TFTVT,K,L
457,1PGA,K50M,YDDAT,TFTVT,K,M
458,1PGA,K50N,YDDAT,TFTVT,K,N
459,1PGA,K50P,YDDAT,TFTVT,K,P
460,1PGA,K50Q,YDDAT,TFTVT,K,Q
461,1PGA,K50R,YDDAT,TFTVT,K,R
462,1PGA,K50S,YDDAT,TFTVT,K,S
463,1PGA,K50T,YDDAT,TFTVT,K,T
464,1PGA,K50V,YDDAT,TFTVT,K,V
465,1PGA,K50Y,YDDAT,TFTVT,K,Y
466,1PGA,T49V,TYDDA,KTFTV,T,V
467,1PGA,T49Y,TYDDA,KTFTV,T,Y
468,1PGA,A48D,WTYDD,TKTFT,A,D
469,1PGA,A48E,WTYDD,TKTFT,A,E
470,1PGA,A48F,WTYDD,TKTFT,A,F
471,1PGA,A48G,WTYDD,TKTFT,A,G
472,1PGA,A48H,WTYDD,TKTFT,A,H
473,1PGA,A48I,WTYDD,TKTFT,A,I
474,1PGA,A48K,WTYDD,TKTFT,A,K
475,1PGA,A48L,WTYDD,TKTFT,A,L
476,1PGA,A48M,WTYDD,TKTFT,A,M
477,1PGA,A48N,WTYDD,TKTFT,A,N
478,1PGA,A48P,WTYDD,TKTFT,A,P
479,1PGA,A48Q,WTYDD,TKTFT,A,Q
480,1PGA,A48R,WTYDD,TKTFT,A,R
481,1PGA,A48S,WTYDD,TKTFT,A,S
482,1PGA,A48T,WTYDD,TKTFT,A,T
483,1PGA,A48V,WTYDD,TKTFT,A,V
484,1PGA,A48Y,WTYDD,TKTFT,A,Y
485,1PGA,D47E,EWTYD,ATKTF,D,E
486,1PGA,D47F,EWTYD,ATKTF,D,F
487,1PGA,D47G,EWTYD,ATKTF,D,G
488,1PGA,D47H,EWTYD,ATKTF,D,H
489,1PGA,D47I,EWTYD,ATKTF,D,I
490,1PGA,D47K,EWTYD,ATKTF,D,K
491,1PGA,D47L,EWTYD,ATKTF,D,L
492,1PGA,D47M,EWTYD,ATKTF,D,M
493,1PGA,D47N,EWTYD,ATKTF,D,N
494,1PGA,D47P,EWTYD,ATKTF,D,P
495,1PGA,D47Q,EWTYD,ATKTF,D,Q
496,1PGA,D47R,EWTYD,ATKTF,D,R
497,1PGA,D47S,EWTYD,ATKTF,D,S
498,1PGA,D47T,EWTYD,ATKTF,D,T
499,1PGA,D47V,EWTYD,ATKTF,D,V
500,1PGA,D47Y,EWTYD,ATKTF,D,Y
501,1PGA,D46E,GEWTY,DATKT,D,E
502,1PGA,D46F,GEWTY,DATKT,D,F
503,1PGA,D46G,GEWTY,DATKT,D,G
504,1PGA,D46H,GEWTY,DATKT,D,H
505,1PGA,D46K,GEWTY,DATKT,D,K
506,1PGA,D46L,GEWTY,DATKT,D,L
507,1PGA,D46M,GEWTY,DATKT,D,M
508,1PGA,D46N,GEWTY,DATKT,D,N
509,1PGA,D46P,GEWTY,DATKT,D,P
510,1PGA,D46Q,GEWTY,DATKT,D,Q
511,1PGA,D46R,GEWTY,DATKT,D,R
512,1PGA,D46S,GEWTY,DATKT,D,S
513,1PGA,D46T,GEWTY,DATKT,D,T
514,1PGA,D46V,GEWTY,DATKT,D,V
515,1PGA,D46Y,GEWTY,DATKT,D,Y
516,1PGA,T44V,VDGEW,YDDAT,T,V
517,1PGA,T44Y,VDGEW,YDDAT,T,Y
518,1PGA,E42F,NGVDG,WTYDD,E,F
519,1PGA,E42G,NGVDG,WTYDD,E,G
520,1PGA,E42I,NGVDG,WTYDD,E,I
521,1PGA,E42K,NGVDG,WTYDD,E,K
522,1PGA,E42L,NGVDG,WTYDD,E,L
523,1PGA,E42M,NGVDG,WTYDD,E,M
524,1PGA,E42N,NGVDG,WTYDD,E,N
525,1PGA,E42P,NGVDG,WTYDD,E,P
526,1PGA,E42Q,NGVDG,WTYDD,E,Q
527,1PGA,E42R,NGVDG,WTYDD,E,R
528,1PGA,E42S,NGVDG,WTYDD,E,S
529,1PGA,E42T,NGVDG,WTYDD,E,T
530,1PGA,E42V,NGVDG,WTYDD,E,V
531,1PGA,E42Y,NGVDG,WTYDD,E,Y
532,1PGA,G41H,DNGVD,EWTYD,G,H
533,1PGA,G41I,DNGVD,EWTYD,G,I
534,1PGA,G41K,DNGVD,EWTYD,G,K
535,1PGA,G41L,DNGVD,EWTYD,G,L
536,1PGA,G41M,DNGVD,EWTYD,G,M
537,1PGA,G41N,DNGVD,EWTYD,G,N
538,1PGA,G41P,DNGVD,EWTYD,G,P
539,1PGA,G41Q,DNGVD,EWTYD,G,Q
540,1PGA,G41R,DNGVD,EWTYD,G,R
541,1PGA,G41S,DNGVD,EWTYD,G,S
542,1PGA,G41T,DNGVD,EWTYD,G,T
543,1PGA,G41V,DNGVD,EWTYD,G,V
544,1PGA,G41Y,DNGVD,EWTYD,G,Y
545,1PGA,D40E,NDNGV,GEWTY,D,E
546,1PGA,D40F,NDNGV,GEWTY,D,F
547,1PGA,D40G,NDNGV,GEWTY,D,G
548,1PGA,D40H,NDNGV,GEWTY,D,H
549,1PGA,D40I,NDNGV,GEWTY,D,I
550,1PGA,D40K,NDNGV,GEWTY,D,K
551,1PGA,D40L,NDNGV,GEWTY,D,L
552,1PGA,D40M,NDNGV,GEWTY,D,M
553,1PGA,D40N,NDNGV,GEWTY,D,N
554,1PGA,D40P,NDNGV,GEWTY,D,P
555,1PGA,D40Q,NDNGV,GEWTY,D,Q
556,1PGA,D40R,NDNGV,GEWTY,D,R
557,1PGA,D40S,NDNGV,GEWTY,D,S
558,1PGA,D40T,NDNGV,GEWTY,D,T
559,1PGA,D40V,NDNGV,GEWTY,D,V
560,1PGA,D40Y,NDNGV,GEWTY,D,Y
561,1PGA,V39Y,ANDNG,DGEWT,V,Y
562,1PGA,G38H,YANDN,VDGEW,G,H
563,1PGA,G38I,YANDN,VDGEW,G,I
564,1PGA,G38K,YANDN,VDGEW,G,K
565,1PGA,G38L,YANDN,VDGEW,G,L
566,1PGA,G38M,YANDN,VDGEW,G,M
567,1PGA,G38N,YANDN,VDGEW,G,N
568,1PGA,G38P,YANDN,VDGEW,G,P
569,1PGA,G38Q,YANDN,VDGEW,G,Q
570,1PGA,G38R,YANDN,VDGEW,G,R
571,1PGA,G38S,YANDN,VDGEW,G,S
572,1PGA,G38T,YANDN,VDGEW,G,T
573,1PGA,G38V,YANDN,VDGEW,G,V
574,1PGA,G38Y,YANDN,VDGEW,G,Y
575,1PGA,N37P,QYAND,GVDGE,N,P
576,1PGA,N37Q,QYAND,GVDGE,N,Q
577,1PGA,N37R,QYAND,GVDGE,N,R
578,1PGA,N37S,QYAND,GVDGE,N,S
579,1PGA,N37T,QYAND,GVDGE,N,T
580,1PGA,N37V,QYAND,GVDGE,N,V
581,1PGA,N37Y,QYAND,GVDGE,N,Y
582,1PGA,D36E,KQYAN,NGVDG,D,E
583,1PGA,D36F,KQYAN,NGVDG,D,F
584,1PGA,D36G,KQYAN,NGVDG,D,G
585,1PGA,D36H,KQYAN,NGVDG,D,H
586,1PGA,D36I,KQYAN,NGVDG,D,I
587,1PGA,D36K,KQYAN,NGVDG,D,K
588,1PGA,D36L,KQYAN,NGVDG,D,L
589,1PGA,D36M,KQYAN,NGVDG,D,M
590,1PGA,D36N,KQYAN,NGVDG,D,N
591,1PGA,D36P,KQYAN,NGVDG,D,P
592,1PGA,D36Q,KQYAN,NGVDG,D,Q
593,1PGA,D36R,KQYAN,NGVDG,D,R
594,1PGA,D36S,KQYAN,NGVDG,D,S
595,1PGA,D36T,KQYAN,NGVDG,D,T
596,1PGA,D36V,KQYAN,NGVDG,D,V
597,1PGA,D36Y,KQYAN,NGVDG,D,Y
598,1PGA,N35P,FKQYA,DNGVD,N,P
599,1PGA,N35Q,FKQYA,DNGVD,N,Q
600,1PGA,N35R,FKQYA,DNGVD,N,R
601,1PGA,N35S,FKQYA,DNGVD,N,S
602,1PGA,N35T,FKQYA,DNGVD,N,T
603,1PGA,N35V,FKQYA,DNGVD,N,V
604,1PGA,N35Y,FKQYA,DNGVD,N,Y
605,1PGA,A34D,VFKQY,NDNGV,A,D
606,1PGA,A34E,VFKQY,NDNGV,A,E
607,1PGA,A34F,VFKQY,NDNGV,A,F
608,1PGA,A34G,VFKQY,NDNGV,A,G
609,1PGA,A34H,VFKQY,NDNGV,A,H
610,1PGA,A34I,VFKQY,NDNGV,A,I
611,1PGA,A34K,VFKQY,NDNGV,A,K
612,1PGA,A34L,VFKQY,NDNGV,A,L
613,1PGA,A34M,VFKQY,NDNGV,A,M
614,1PGA,A34N,VFKQY,NDNGV,A,N
615,1PGA,A34P,VFKQY,NDNGV,A,P
616,1PGA,A34Q,VFKQY,NDNGV,A,Q
617,1PGA,A34R,VFKQY,NDNGV,A,R
618,1PGA,A34S,VFKQY,NDNGV,A,S
619,1PGA,A34T,VFKQY,NDNGV,A,T
620,1PGA,A34V,VFKQY,NDNGV,A,V
621,1PGA,A34Y,VFKQY,NDNGV,A,Y
622,1PGA,Q32R,EKVFK,YANDN,Q,R
623,1PGA,Q32S,EKVFK,YANDN,Q,S
624,1PGA,Q32T,EKVFK,YANDN,Q,T
625,1PGA,Q32V,EKVFK,YANDN,Q,V
626,1PGA,Q32Y,EKVFK,YANDN,Q,Y
627,1PGA,K31L,AEKVF,QYAND,K,L
628,1PGA,K31M,AEKVF,QYAND,K,M
629,1PGA,K31N,AEKVF,QYAND,K,N
630,1PGA,K31P,AEKVF,QYAND,K,P
631,1PGA,K31Q,AEKVF,QYAND,K,Q
632,1PGA,K31R,AEKVF,QYAND,K,R
633,1PGA,K31S,AEKVF,QYAND,K,S
634,1PGA,K31T,AEKVF,QYAND,K,T
635,1PGA,K31V,AEKVF,QYAND,K,V
636,1PGA,K31Y,AEKVF,QYAND,K,Y
637,1PGA,F30G,TAEKV,KQYAN,F,G
638,1PGA,F30H,TAEKV,KQYAN,F,H
639,1PGA,F30I,TAEKV,KQYAN,F,I
640,1PGA,F30K,TAEKV,KQYAN,F,K
641,1PGA,F30L,TAEKV,KQYAN,F,L
642,1PGA,F30M,TAEKV,KQYAN,F,M
643,1PGA,F30N,TAEKV,KQYAN,F,N
644,1PGA,F30P,TAEKV,KQYAN,F,P
645,1PGA,F30Q,TAEKV,KQYAN,F,Q
646,1PGA,F30R,TAEKV,KQYAN,F,R
647,1PGA,F30S,TAEKV,KQYAN,F,S
648,1PGA,F30T,TAEKV,KQYAN,F,T
649,1PGA,F30V,TAEKV,KQYAN,F,V
650,1PGA,F30Y,TAEKV,KQYAN,F,Y
651,1PGA,V29Y,ATAEK,FKQYA,V,Y
652,1PGA,K28L,AATAE,VFKQY,K,L
653,1PGA,K28M,AATAE,VFKQY,K,M
654,1PGA,K28N,AATAE,VFKQY,K,N
655,1PGA,K28P,AATAE,VFKQY,K,P
656,1PGA,K28Q,AATAE,VFKQY,K,Q
657,1PGA,K28R,AATAE,VFKQY,K,R
658,1PGA,K28S,AATAE,VFKQY,K,S
659,1PGA,K28T,AATAE,VFKQY,K,T
660,1PGA,K28V,AATAE,VFKQY,K,V
661,1PGA,K28Y,AATAE,VFKQY,K,Y
662,1PGA,E27F,DAATA,KVFKQ,E,F
663,1PGA,E27G,DAATA,KVFKQ,E,G
664,1PGA,E27H,DAATA,KVFKQ,E,H
665,1PGA,E27I,DAATA,KVFKQ,E,I
666,1PGA,E27K,DAATA,KVFKQ,E,K
667,1PGA,E27L,DAATA,KVFKQ,E,L
668,1PGA,E27M,DAATA,KVFKQ,E,M
669,1PGA,E27N,DAATA,KVFKQ,E,N
670,1PGA,E27P,DAATA,KVFKQ,E,P
671,1PGA,E27Q,DAATA,KVFKQ,E,Q
672,1PGA,E27R,DAATA,KVFKQ,E,R
673,1PGA,E27S,DAATA,KVFKQ,E,S
674,1PGA,E27T,DAATA,KVFKQ,E,T
675,1PGA,E27V,DAATA,KVFKQ,E,V
676,1PGA,E27Y,DAATA,KVFKQ,E,Y
677,1PGA,A26D,VDAAT,EKVFK,A,D
678,1PGA,A26E,VDAAT,EKVFK,A,E
679,1PGA,A26F,VDAAT,EKVFK,A,F
680,1PGA,A26G,VDAAT,EKVFK,A,G
681,1PGA,A26H,VDAAT,EKVFK,A,H
682,1PGA,A26I,VDAAT,EKVFK,A,I
683,1PGA,A26K,VDAAT,EKVFK,A,K
684,1PGA,A26L,VDAAT,EKVFK,A,L
685,1PGA,A26M,VDAAT,EKVFK,A,M
686,1PGA,A26N,VDAAT,EKVFK,A,N
687,1PGA,A26P,VDAAT,EKVFK,A,P
688,1PGA,A26Q,VDAAT,EKVFK,A,Q
689,1PGA,A26R,VDAAT,EKVFK,A,R
690,1PGA,A26S,VDAAT,EKVFK,A,S
691,1PGA,A26T,VDAAT,EKVFK,A,T
692,1PGA,A26V,VDAAT,EKVFK,A,V
693,1PGA,A26Y,VDAAT,EKVFK,A,Y
694,1PGA,T25V,AVDAA,AEKVF,T,V
695,1PGA,T25Y,AVDAA,AEKVF,T,Y
696,1PGA,A24D,EAVDA,TAEKV,A,D
697,1PGA,A24E,EAVDA,TAEKV,A,E
698,1PGA,A24F,EAVDA,TAEKV,A,F
699,1PGA,A24G,EAVDA,TAEKV,A,G
700,1PGA,A24H,EAVDA,TAEKV,A,H
701,1PGA,A24I,EAVDA,TAEKV,A,I
702,1PGA,A24K,EAVDA,TAEKV,A,K
703,1PGA,A24L,EAVDA,TAEKV,A,L
704,1PGA,A24M,EAVDA,TAEKV,A,M
705,1PGA,A24N,EAVDA,TAEKV,A,N
706,1PGA,A24P,EAVDA,TAEKV,A,P
707,1PGA,A24Q,EAVDA,TAEKV,A,Q
708,1PGA,A24R,EAVDA,TAEKV,A,R
709,1PGA,A24S,EAVDA,TAEKV,A,S
710,1PGA,A24T,EAVDA,TAEKV,A,T
711,1PGA,A24V,EAVDA,TAEKV,A,V
712,1PGA,A24Y,EAVDA,TAEKV,A,Y
713,1PGA,A23D,TEAVD,ATAEK,A,D
714,1PGA,A23E,TEAVD,ATAEK,A,E
715,1PGA,A23F,TEAVD,ATAEK,A,F
716,1PGA,A23G,TEAVD,ATAEK,A,G
717,1PGA,A23H,TEAVD,ATAEK,A,H
718,1PGA,A23I,TEAVD,ATAEK,A,I
719,1PGA,A23K,TEAVD,ATAEK,A,K
720,1PGA,A23L,TEAVD,ATAEK,A,L
721,1PGA,A23N,TEAVD,ATAEK,A,N
722,1PGA,A23P,TEAVD,ATAEK,A,P
723,1PGA,A23Q,TEAVD,ATAEK,A,Q
724,1PGA,A23R,TEAVD,ATAEK,A,R
725,1PGA,A23S,TEAVD,ATAEK,A,S
726,1PGA,A23T,TEAVD,ATAEK,A,T
727,1PGA,A23V,TEAVD,ATAEK,A,V
728,1PGA,A23Y,TEAVD,ATAEK,A,Y
729,1PGA,D22E,TTEAV,AATAE,D,E
730,1PGA,D22F,TTEAV,AATAE,D,F
731,1PGA,D22G,TTEAV,AATAE,D,G
732,1PGA,D22H,TTEAV,AATAE,D,H
733,1PGA,D22I,TTEAV,AATAE,D,I
734,1PGA,D22K,TTEAV,AATAE,D,K
735,1PGA,D22L,TTEAV,AATAE,D,L
736,1PGA,D22M,TTEAV,AATAE,D,M
737,1PGA,D22N,TTEAV,AATAE,D,N
738,1PGA,D22P,TTEAV,AATAE,D,P
739,1PGA,D22Q,TTEAV,AATAE,D,Q
740,1PGA,D22R,TTEAV,AATAE,D,R
741,1PGA,D22S,TTEAV,AATAE,D,S
742,1PGA,D22T,TTEAV,AATAE,D,T
743,1PGA,D22V,TTEAV,AATAE,D,V
744,1PGA,D22Y,TTEAV,AATAE,D,Y
745,1PGA,A20D,ETTTE,VDAAT,A,D
746,1PGA,A20E,ETTTE,VDAAT,A,E
747,1PGA,A20F,ETTTE,VDAAT,A,F
748,1PGA,A20G,ETTTE,VDAAT,A,G
749,1PGA,A20H,ETTTE,VDAAT,A,H
750,1PGA,A20I,ETTTE,VDAAT,A,I
751,1PGA,A20K,ETTTE,VDAAT,A,K
752,1PGA,A20L,ETTTE,VDAAT,A,L
753,1PGA,A20M,ETTTE,VDAAT,A,M
754,1PGA,A20N,ETTTE,VDAAT,A,N
755,1PGA,A20P,ETTTE,VDAAT,A,P
756,1PGA,A20Q,ETTTE,VDAAT,A,Q
757,1PGA,A20R,ETTTE,VDAAT,A,R
758,1PGA,A20S,ETTTE,VDAAT,A,S
759,1PGA,A20T,ETTTE,VDAAT,A,T
760,1PGA,A20V,ETTTE,VDAAT,A,V
761,1PGA,A20Y,ETTTE,VDAAT,A,Y
762,1PGA,E19F,GETTT,AVDAA,E,F
763,1PGA,E19G,GETTT,AVDAA,E,G
764,1PGA,E19H,GETTT,AVDAA,E,H
765,1PGA,E19I,GETTT,AVDAA,E,I
766,1PGA,E19K,GETTT,AVDAA,E,K
767,1PGA,E19L,GETTT,AVDAA,E,L
768,1PGA,E19M,GETTT,AVDAA,E,M
769,1PGA,E19N,GETTT,AVDAA,E,N
770,1PGA,E19P,GETTT,AVDAA,E,P
771,1PGA,E19Q,GETTT,AVDAA,E,Q
772,1PGA,E19R,GETTT,AVDAA,E,R
773,1PGA,E19S,GETTT,AVDAA,E,S
774,1PGA,E19T,GETTT,AVDAA,E,T
775,1PGA,E19V,GETTT,AVDAA,E,V
776,1PGA,E19Y,GETTT,AVDAA,E,Y
777,1PGA,T18V,KGETT,EAVDA,T,V
778,1PGA,T18Y,KGETT,EAVDA,T,Y
779,1PGA,T17V,LKGET,TEAVD,T,V
780,1PGA,T17Y,LKGET,TEAVD,T,Y
781,1PGA,T16V,TLKGE,TTEAV,T,V
782,1PGA,T16Y,TLKGE,TTEAV,T,Y
783,1PGA,E15F,KTLKG,TTTEA,E,F
784,1PGA,E15G,KTLKG,TTTEA,E,G
785,1PGA,E15H,KTLKG,TTTEA,E,H
786,1PGA,E15I,KTLKG,TTTEA,E,I
787,1PGA,E15K,KTLKG,TTTEA,E,K
788,1PGA,E15L,KTLKG,TTTEA,E,L
789,1PGA,E15M,KTLKG,TTTEA,E,M
790,1PGA,E15N,KTLKG,TTTEA,E,N
791,1PGA,E15P,KTLKG,TTTEA,E,P
792,1PGA,E15Q,KTLKG,TTTEA,E,Q
793,1PGA,E15R,KTLKG,TTTEA,E,R
794,1PGA,E15S,KTLKG,TTTEA,E,S
795,1PGA,E15T,KTLKG,TTTEA,E,T
796,1PGA,E15V,KTLKG,TTTEA,E,V
797,1PGA,E15Y,KTLKG,TTTEA,E,Y
798,1PGA,G14H,GKTLK,ETTTE,G,H
799,1PGA,G14I,GKTLK,ETTTE,G,I
800,1PGA,G14K,GKTLK,ETTTE,G,K
801,1PGA,G14L,GKTLK,ETTTE,G,L
802,1PGA,G14M,GKTLK,ETTTE,G,M
803,1PGA,G14N,GKTLK,ETTTE,G,N
804,1PGA,G14P,GKTLK,ETTTE,G,P
805,1PGA,G14Q,GKTLK,ETTTE,G,Q
806,1PGA,G14R,GKTLK,ETTTE,G,R
807,1PGA,G14S,GKTLK,ETTTE,G,S
808,1PGA,G14T,GKTLK,ETTTE,G,T
809,1PGA,G14V,GKTLK,ETTTE,G,V
810,1PGA,G14Y,GKTLK,ETTTE,G,Y
811,1PGA,K13L,NGKTL,GETTT,K,L
812,1PGA,K13M,NGKTL,GETTT,K,M
813,1PGA,K13N,NGKTL,GETTT,K,N
814,1PGA,K13P,NGKTL,GETTT,K,P
815,1PGA,K13Q,NGKTL,GETTT,K,Q
816,1PGA,K13R,NGKTL,GETTT,K,R
817,1PGA,K13S,NGKTL,GETTT,K,S
818,1PGA,K13T,NGKTL,GETTT,K,T
819,1PGA,K13V,NGKTL,GETTT,K,V
820,1PGA,K13Y,NGKTL,GETTT,K,Y
821,1PGA,L12M,LNGKT,KGETT,L,M
822,1PGA,L12N,LNGKT,KGETT,L,N
823,1PGA,L12P,LNGKT,KGETT,L,P
824,1PGA,L12Q,LNGKT,KGETT,L,Q
825,1PGA,L12R,LNGKT,KGETT,L,R
826,1PGA,L12S,LNGKT,KGETT,L,S
827,1PGA,L12T,LNGKT,KGETT,L,T
828,1PGA,L12V,LNGKT,KGETT,L,V
829,1PGA,L12Y,LNGKT,KGETT,L,Y
830,1PGA,T11V,ILNGK,LKGET,T,V
831,1PGA,T11Y,ILNGK,LKGET,T,Y
832,1PGA,K10L,LILNG,TLKGE,K,L
833,1PGA,K10M,LILNG,TLKGE,K,M
834,1PGA,K10N,LILNG,TLKGE,K,N
835,1PGA,K10P,LILNG,TLKGE,K,P
836,1PGA,K10Q,LILNG,TLKGE,K,Q
837,1PGA,K10R,LILNG,TLKGE,K,R
838,1PGA,K10S,LILNG,TLKGE,K,S
839,1PGA,K10T,LILNG,TLKGE,K,T
840,1PGA,K10V,LILNG,TLKGE,K,V
841,1PGA,K10Y,LILNG,TLKGE,K,Y
842,1PGA,G9H,KLILN,KTLKG,G,H
843,1PGA,G9I,KLILN,KTLKG,G,I
844,1PGA,G9K,KLILN,KTLKG,G,K
845,1PGA,G9M,KLILN,KTLKG,G,M
846,1PGA,G9N,KLILN,KTLKG,G,N
847,1PGA,G9P,KLILN,KTLKG,G,P
848,1PGA,G9Q,KLILN,KTLKG,G,Q
849,1PGA,G9R,KLILN,KTLKG,G,R
850,1PGA,G9S,KLILN,KTLKG,G,S
851,1PGA,G9T,KLILN,KTLKG,G,T
852,1PGA,G9V,KLILN,KTLKG,G,V
853,1PGA,G9Y,KLILN,KTLKG,G,Y
854,1PGA,N8P,YKLIL,GKTLK,N,P
855,1PGA,N8Q,YKLIL,GKTLK,N,Q
856,1PGA,N8R,YKLIL,GKTLK,N,R
857,1PGA,N8S,YKLIL,GKTLK,N,S
858,1PGA,N8T,YKLIL,GKTLK,N,T
859,1PGA,N8V,YKLIL,GKTLK,N,V
860,1PGA,N8Y,YKLIL,GKTLK,N,Y
861,1PGA,L7N,TYKLI,NGKTL,L,N
862,1PGA,L7P,TYKLI,NGKTL,L,P
863,1PGA,L7Q,TYKLI,NGKTL,L,Q
864,1PGA,L7R,TYKLI,NGKTL,L,R
865,1PGA,L7S,TYKLI,NGKTL,L,S
866,1PGA,L7T,TYKLI,NGKTL,L,T
867,1PGA,L7V,TYKLI,NGKTL,L,V
868,1PGA,L7Y,TYKLI,NGKTL,L,Y
869,1PGA,I6K,MTYKL,LNGKT,I,K
870,1PGA,I6L,MTYKL,LNGKT,I,L
871,1PGA,I6M,MTYKL,LNGKT,I,M
872,1PGA,I6N,MTYKL,LNGKT,I,N
873,1PGA,I6P,MTYKL,LNGKT,I,P
874,1PGA,I6Q,MTYKL,LNGKT,I,Q
875,1PGA,I6R,MTYKL,LNGKT,I,R
876,1PGA,I6S,MTYKL,LNGKT,I,S
877,1PGA,I6T,MTYKL,LNGKT,I,T
878,1PGA,I6V,MTYKL,LNGKT,I,V
879,1PGA,I6Y,MTYKL,LNGKT,I,Y
880,1PGA,L5M,-MTYK,ILNGK,L,M
881,1PGA,L5N,-MTYK,ILNGK,L,N
882,1PGA,L5P,-MTYK,ILNGK,L,P
883,1PGA,L5Q,-MTYK,ILNGK,L,Q
884,1PGA,L5R,-MTYK,ILNGK,L,R
885,1PGA,L5S,-MTYK,ILNGK,L,S
886,1PGA,L5T,-MTYK,ILNGK,L,T
887,1PGA,L5V,-MTYK,ILNGK,L,V
888,1PGA,L5Y,-MTYK,ILNGK,L,Y
889,1PGA,K4L,--MTY,LILNG,K,L
890,1PGA,K4M,--MTY,LILNG,K,M
891,1PGA,K4N,--MTY,LILNG,K,N
892,1PGA,K4P,--MTY,LILNG,K,P
893,1PGA,K4Q,--MTY,LILNG,K,Q
894,1PGA,K4R,--MTY,LILNG,K,R
895,1PGA,K4S,--MTY,LILNG,K,S
896,1PGA,K4T,--MTY,LILNG,K,T
897,1PGA,K4V,--MTY,LILNG,K,V
898,1PGA,K4Y,--MTY,LILNG,K,Y
899,1PGA,T2V,----M,YKLIL,T,V
900,1PGA,T2Y,----M,YKLIL,T,Y
901,1PGA,M1P,-----,TYKLI,M,P
902,1PGA,M1Q,-----,TYKLI,M,Q
903,1PGA,M1R,-----,TYKLI,M,R
904,1PGA,M1S,-----,TYKLI,M,S
905,1PGA,M1T,-----,TYKLI,M,T
906,1PGA,M1Y,-----,TYKLI,M,Y
